2026/09/30 06:57:57.213, 27170 MiB, 0 %, 37.39 W
2026/09/30 06:57:58.216, 27170 MiB, 0 %, 37.30 W
2026/09/30 06:57:59.219, 27170 MiB, 0 %, 37.29 W
2026/09/30 06:58:00.222, 27170 MiB, 0 %, 37.39 W
2026/09/30 06:58:01.225, 27170 MiB, 0 %, 37.52 W
2026/09/30 06:58:02.229, 27170 MiB, 0 %, 37.49 W
2026/09/30 06:58:03.232, 27170 MiB, 0 %, 37.49 W
2026/09/30 06:58:04.235, 27170 MiB, 0 %, 37.39 W
2026/09/30 06:58:05.238, 27170 MiB, 0 %, 37.39 W
2026/09/30 06:58:06.241, 27170 MiB, 0 %, 37.39 W
2026/09/30 06:58:07.244, 27170 MiB, 0 %, 37.30 W
2026/09/30 06:58:08.247, 27170 MiB, 0 %, 37.39 W
2026/09/30 06:58:09.250, 27170 MiB, 0 %, 37.51 W
2026/09/30 06:58:10.253, 27170 MiB, 0 %, 37.39 W
2026/09/30 06:58:11.256, 27170 MiB, 0 %, 37.39 W
2026/09/30 06:58:12.259, 27170 MiB, 0 %, 37.39 W
2026/09/30 06:58:13.265, 27170 MiB, 0 %, 37.49 W
2026/09/30 06:58:14.268, 27170 MiB, 0 %, 37.40 W
2026/09/30 06:58:15.271, 27170 MiB, 0 %, 37.49 W
2026/09/30 06:58:16.274, 27170 MiB, 0 %, 37.40 W
2026/09/30 06:58:17.277, 27170 MiB, 0 %, 37.29 W
2026/09/30 06:58:18.280, 27170 MiB, 0 %, 37.29 W
2026/09/30 06:58:19.283, 27170 MiB, 0 %, 37.49 W
2026/09/30 06:58:20.286, 27170 MiB, 0 %, 37.49 W
2026/09/30 06:58:21.289, 27170 MiB, 0 %, 37.29 W
2026/09/30 06:58:22.292, 27170 MiB, 0 %, 37.49 W
2026/09/30 06:58:23.295, 27170 MiB, 0 %, 37.39 W
2026/09/30 06:58:24.298, 27170 MiB, 0 %, 37.39 W
2026/09/30 06:58:25.301, 27170 MiB, 0 %, 37.39 W
2026/09/30 06:58:26.304, 27170 MiB, 0 %, 37.49 W
2026/09/30 06:58:27.307, 27170 MiB, 0 %, 37.29 W
2026/09/30 06:58:28.310, 27170 MiB, 0 %, 37.39 W
2026/09/30 06:58:29.313, 27170 MiB, 0 %, 37.49 W
2026/09/30 06:58:30.317, 27170 MiB, 0 %, 37.39 W
2026/09/30 06:58:31.320, 27170 MiB, 0 %, 37.39 W
2026/09/30 06:58:32.325, 27170 MiB, 0 %, 37.39 W
2026/09/30 06:58:33.328, 27170 MiB, 0 %, 37.49 W
2026/09/30 06:58:34.331, 27170 MiB, 0 %, 37.49 W
2026/09/30 06:58:35.334, 27170 MiB, 0 %, 37.39 W
2026/09/30 06:58:36.337, 27170 MiB, 0 %, 37.49 W
2026/09/30 06:58:37.340, 27170 MiB, 0 %, 37.49 W
2026/09/30 06:58:38.343, 27170 MiB, 0 %, 37.39 W
2026/09/30 06:58:39.353, 27170 MiB, 0 %, 37.39 W
2026/09/30 06:58:40.356, 27170 MiB, 0 %, 37.40 W
2026/09/30 06:58:41.359, 27170 MiB, 0 %, 37.39 W
2026/09/30 06:58:42.362, 27170 MiB, 0 %, 37.29 W
2026/09/30 06:58:43.365, 27170 MiB, 0 %, 37.49 W
2026/09/30 06:58:44.368, 27170 MiB, 0 %, 37.29 W
2026/09/30 06:58:45.373, 27170 MiB, 0 %, 37.39 W
2026/09/30 06:58:46.379, 27170 MiB, 0 %, 37.39 W
2026/09/30 06:58:47.382, 27170 MiB, 0 %, 37.39 W
2026/09/30 06:58:48.385, 27170 MiB, 0 %, 37.49 W
2026/09/30 06:58:49.388, 27170 MiB, 0 %, 37.39 W
2026/09/30 06:58:50.391, 27170 MiB, 0 %, 37.49 W
2026/09/30 06:58:51.394, 27170 MiB, 0 %, 37.40 W
2026/09/30 06:58:52.397, 27170 MiB, 0 %, 37.39 W
2026/09/30 06:58:53.400, 27170 MiB, 0 %, 37.49 W
2026/09/30 06:58:54.404, 27170 MiB, 0 %, 37.39 W
2026/09/30 06:58:55.407, 27170 MiB, 0 %, 37.49 W
2026/09/30 06:58:56.411, 27170 MiB, 0 %, 37.29 W
2026/09/30 06:58:57.414, 27170 MiB, 0 %, 37.39 W
2026/09/30 06:58:58.417, 27170 MiB, 0 %, 37.39 W
2026/09/30 06:58:59.420, 27170 MiB, 0 %, 37.39 W
2026/09/30 06:59:00.423, 27170 MiB, 0 %, 37.39 W
2026/09/30 06:59:01.426, 27170 MiB, 0 %, 37.39 W
2026/09/30 06:59:02.429, 27170 MiB, 0 %, 37.40 W
2026/09/30 06:59:03.432, 27170 MiB, 0 %, 37.39 W
2026/09/30 06:59:04.435, 27170 MiB, 0 %, 37.29 W
2026/09/30 06:59:05.441, 27170 MiB, 0 %, 37.39 W
2026/09/30 06:59:06.444, 27170 MiB, 0 %, 37.40 W
2026/09/30 06:59:07.447, 27170 MiB, 0 %, 37.29 W
2026/09/30 06:59:08.450, 27170 MiB, 0 %, 37.39 W
2026/09/30 06:59:09.453, 27170 MiB, 0 %, 37.39 W
2026/09/30 06:59:10.456, 27170 MiB, 0 %, 37.29 W
2026/09/30 06:59:11.459, 27170 MiB, 0 %, 37.29 W
2026/09/30 06:59:12.462, 27170 MiB, 0 %, 37.39 W
2026/09/30 06:59:13.465, 27170 MiB, 0 %, 37.39 W
2026/09/30 06:59:14.468, 27170 MiB, 0 %, 37.39 W
2026/09/30 06:59:15.471, 27170 MiB, 0 %, 37.20 W
2026/09/30 06:59:16.474, 27170 MiB, 0 %, 37.39 W
2026/09/30 06:59:17.477, 27170 MiB, 0 %, 37.39 W
2026/09/30 06:59:18.481, 27170 MiB, 0 %, 37.19 W
2026/09/30 06:59:19.484, 27170 MiB, 0 %, 37.39 W
2026/09/30 06:59:20.487, 27170 MiB, 0 %, 37.29 W
2026/09/30 06:59:21.490, 27170 MiB, 0 %, 37.39 W
2026/09/30 06:59:22.493, 27170 MiB, 0 %, 37.39 W
2026/09/30 06:59:23.496, 27170 MiB, 0 %, 37.29 W
2026/09/30 06:59:24.499, 27170 MiB, 0 %, 37.49 W
2026/09/30 06:59:25.504, 27170 MiB, 0 %, 37.29 W
2026/09/30 06:59:26.508, 27170 MiB, 0 %, 37.19 W
2026/09/30 06:59:27.511, 27170 MiB, 0 %, 37.39 W
2026/09/30 06:59:28.514, 27170 MiB, 0 %, 37.39 W
2026/09/30 06:59:29.517, 27170 MiB, 0 %, 37.29 W
2026/09/30 06:59:30.520, 27170 MiB, 0 %, 37.39 W
2026/09/30 06:59:31.523, 27170 MiB, 0 %, 37.39 W
2026/09/30 06:59:32.526, 27170 MiB, 0 %, 37.31 W
2026/09/30 06:59:33.529, 27170 MiB, 0 %, 37.20 W
2026/09/30 06:59:34.532, 27170 MiB, 0 %, 37.29 W
2026/09/30 06:59:35.535, 27170 MiB, 0 %, 37.19 W
2026/09/30 06:59:36.538, 27170 MiB, 0 %, 37.39 W
2026/09/30 06:59:37.541, 27170 MiB, 0 %, 37.29 W
2026/09/30 06:59:38.544, 27170 MiB, 0 %, 37.29 W
2026/09/30 06:59:39.547, 27170 MiB, 0 %, 37.29 W
2026/09/30 06:59:40.550, 27170 MiB, 0 %, 37.39 W
2026/09/30 06:59:41.553, 27170 MiB, 0 %, 37.39 W
2026/09/30 06:59:42.556, 27170 MiB, 0 %, 37.47 W
2026/09/30 06:59:43.562, 27170 MiB, 0 %, 37.39 W
2026/09/30 06:59:44.565, 27170 MiB, 0 %, 37.39 W
2026/09/30 06:59:45.568, 27170 MiB, 0 %, 37.29 W
2026/09/30 06:59:46.572, 27170 MiB, 0 %, 37.39 W
2026/09/30 06:59:47.575, 27170 MiB, 0 %, 37.39 W
2026/09/30 06:59:48.578, 27170 MiB, 0 %, 37.40 W
2026/09/30 06:59:49.581, 27170 MiB, 0 %, 37.39 W
2026/09/30 06:59:50.584, 27170 MiB, 0 %, 37.39 W
2026/09/30 06:59:51.587, 27170 MiB, 0 %, 37.31 W
2026/09/30 06:59:52.590, 27170 MiB, 0 %, 37.29 W
2026/09/30 06:59:53.593, 27170 MiB, 0 %, 37.39 W
2026/09/30 06:59:54.596, 27170 MiB, 0 %, 37.29 W
2026/09/30 06:59:55.599, 27170 MiB, 0 %, 37.31 W
2026/09/30 06:59:56.602, 27170 MiB, 0 %, 37.39 W
2026/09/30 06:59:57.606, 27170 MiB, 0 %, 37.39 W
2026/09/30 06:59:58.609, 27170 MiB, 0 %, 37.29 W
2026/09/30 06:59:59.612, 27170 MiB, 0 %, 37.42 W
2026/09/30 07:00:00.615, 27170 MiB, 0 %, 37.39 W
2026/09/30 07:00:01.618, 27170 MiB, 0 %, 37.29 W
2026/09/30 07:00:02.621, 27170 MiB, 0 %, 37.29 W
2026/09/30 07:00:03.624, 27170 MiB, 0 %, 37.31 W
2026/09/30 07:00:04.629, 27170 MiB, 0 %, 37.30 W
2026/09/30 07:00:05.632, 27170 MiB, 0 %, 37.39 W
2026/09/30 07:00:06.636, 27170 MiB, 0 %, 37.30 W
2026/09/30 07:00:07.639, 27170 MiB, 0 %, 37.30 W
2026/09/30 07:00:08.642, 27170 MiB, 0 %, 37.30 W
2026/09/30 07:00:09.645, 27170 MiB, 0 %, 37.30 W
2026/09/30 07:00:10.648, 27170 MiB, 0 %, 37.39 W
2026/09/30 07:00:11.651, 27170 MiB, 0 %, 37.29 W
2026/09/30 07:00:12.654, 27170 MiB, 0 %, 37.20 W
2026/09/30 07:00:13.657, 27170 MiB, 0 %, 37.40 W
2026/09/30 07:00:14.660, 27170 MiB, 0 %, 37.29 W
2026/09/30 07:00:15.663, 27170 MiB, 0 %, 37.49 W
2026/09/30 07:00:16.666, 27170 MiB, 0 %, 37.30 W
2026/09/30 07:00:17.669, 27170 MiB, 0 %, 37.20 W
2026/09/30 07:00:18.672, 27170 MiB, 0 %, 37.20 W
2026/09/30 07:00:19.675, 27170 MiB, 0 %, 37.10 W
2026/09/30 07:00:20.678, 27170 MiB, 0 %, 37.21 W
2026/09/30 07:00:21.681, 27170 MiB, 0 %, 37.39 W
2026/09/30 07:00:22.684, 27170 MiB, 0 %, 37.39 W
2026/09/30 07:00:23.688, 27170 MiB, 0 %, 37.29 W
2026/09/30 07:00:24.691, 27170 MiB, 0 %, 37.39 W
2026/09/30 07:00:25.696, 27170 MiB, 0 %, 37.39 W
2026/09/30 07:00:26.699, 27170 MiB, 0 %, 37.38 W
2026/09/30 07:00:27.702, 27170 MiB, 0 %, 37.39 W
2026/09/30 07:00:28.705, 27170 MiB, 0 %, 37.23 W
2026/09/30 07:00:29.709, 27170 MiB, 0 %, 37.39 W
2026/09/30 07:00:30.712, 27170 MiB, 0 %, 37.29 W
2026/09/30 07:00:31.715, 27170 MiB, 0 %, 37.49 W
2026/09/30 07:00:32.718, 27170 MiB, 0 %, 37.38 W
2026/09/30 07:00:33.721, 27170 MiB, 0 %, 37.39 W
2026/09/30 07:00:34.724, 27170 MiB, 0 %, 37.39 W
2026/09/30 07:00:35.727, 27170 MiB, 0 %, 37.49 W
2026/09/30 07:00:36.730, 27170 MiB, 0 %, 37.39 W
2026/09/30 07:00:37.733, 27170 MiB, 0 %, 37.39 W
2026/09/30 07:00:38.736, 27170 MiB, 0 %, 37.48 W
2026/09/30 07:00:39.739, 27170 MiB, 0 %, 37.39 W
2026/09/30 07:00:40.742, 27170 MiB, 0 %, 37.39 W
2026/09/30 07:00:41.745, 27170 MiB, 0 %, 37.38 W
2026/09/30 07:00:42.748, 27170 MiB, 0 %, 37.30 W
2026/09/30 07:00:43.751, 27170 MiB, 0 %, 37.29 W
2026/09/30 07:00:44.757, 27170 MiB, 0 %, 37.29 W
2026/09/30 07:00:45.760, 27170 MiB, 0 %, 37.30 W
2026/09/30 07:00:46.763, 27170 MiB, 0 %, 37.39 W
2026/09/30 07:00:47.766, 27170 MiB, 0 %, 37.19 W
2026/09/30 07:00:48.769, 27170 MiB, 0 %, 37.29 W
2026/09/30 07:00:49.772, 27170 MiB, 0 %, 37.29 W
2026/09/30 07:00:50.775, 27170 MiB, 0 %, 37.19 W
2026/09/30 07:00:51.779, 27170 MiB, 0 %, 37.39 W
2026/09/30 07:00:52.784, 27170 MiB, 0 %, 37.19 W
2026/09/30 07:00:53.791, 27170 MiB, 0 %, 37.11 W
2026/09/30 07:00:54.794, 27170 MiB, 0 %, 37.30 W
2026/09/30 07:00:55.798, 27170 MiB, 0 %, 37.29 W
2026/09/30 07:00:56.801, 27170 MiB, 0 %, 37.29 W
2026/09/30 07:00:57.804, 27170 MiB, 0 %, 37.48 W
2026/09/30 07:00:58.808, 27170 MiB, 0 %, 37.38 W
2026/09/30 07:00:59.814, 27170 MiB, 0 %, 37.39 W
2026/09/30 07:01:00.817, 27170 MiB, 0 %, 37.39 W
2026/09/30 07:01:01.820, 27170 MiB, 0 %, 37.19 W
2026/09/30 07:01:02.823, 27170 MiB, 0 %, 37.39 W
2026/09/30 07:01:03.826, 27170 MiB, 0 %, 37.19 W
2026/09/30 07:01:04.829, 27170 MiB, 0 %, 37.39 W
2026/09/30 07:01:05.832, 27170 MiB, 0 %, 37.41 W
2026/09/30 07:01:06.835, 27170 MiB, 0 %, 37.39 W
2026/09/30 07:01:07.838, 27170 MiB, 0 %, 37.39 W
2026/09/30 07:01:08.841, 27170 MiB, 0 %, 37.20 W
2026/09/30 07:01:09.844, 27170 MiB, 0 %, 37.31 W
2026/09/30 07:01:10.847, 27170 MiB, 0 %, 37.40 W
2026/09/30 07:01:11.850, 27170 MiB, 0 %, 37.40 W
2026/09/30 07:01:12.853, 27170 MiB, 0 %, 37.39 W
2026/09/30 07:01:13.856, 27170 MiB, 0 %, 37.31 W
2026/09/30 07:01:14.860, 27170 MiB, 0 %, 37.39 W
2026/09/30 07:01:15.863, 27170 MiB, 0 %, 37.39 W
2026/09/30 07:01:16.866, 27170 MiB, 0 %, 37.29 W
2026/09/30 07:01:17.868, 27170 MiB, 0 %, 37.39 W
2026/09/30 07:01:18.872, 27170 MiB, 0 %, 37.36 W
2026/09/30 07:01:19.875, 27170 MiB, 0 %, 37.29 W
2026/09/30 07:01:20.877, 27170 MiB, 0 %, 37.38 W
2026/09/30 07:01:21.880, 27170 MiB, 0 %, 37.39 W
2026/09/30 07:01:22.883, 27170 MiB, 0 %, 37.30 W
2026/09/30 07:01:23.890, 27170 MiB, 0 %, 37.30 W
2026/09/30 07:01:24.893, 27170 MiB, 0 %, 37.30 W
2026/09/30 07:01:25.896, 27170 MiB, 0 %, 37.40 W
2026/09/30 07:01:26.899, 27170 MiB, 0 %, 37.20 W
2026/09/30 07:01:27.902, 27170 MiB, 0 %, 37.40 W
2026/09/30 07:01:28.905, 27170 MiB, 0 %, 37.30 W
2026/09/30 07:01:29.908, 27170 MiB, 0 %, 37.39 W
2026/09/30 07:01:30.911, 27170 MiB, 0 %, 37.29 W
2026/09/30 07:01:31.914, 27170 MiB, 0 %, 37.29 W
2026/09/30 07:01:32.917, 27170 MiB, 0 %, 37.19 W
2026/09/30 07:01:33.920, 27170 MiB, 0 %, 37.29 W
2026/09/30 07:01:34.923, 27170 MiB, 0 %, 37.35 W
2026/09/30 07:01:35.926, 27170 MiB, 0 %, 37.39 W
2026/09/30 07:01:36.929, 27170 MiB, 0 %, 37.39 W
2026/09/30 07:01:37.933, 27170 MiB, 0 %, 37.28 W
2026/09/30 07:01:38.936, 27170 MiB, 0 %, 37.29 W
2026/09/30 07:01:39.942, 27170 MiB, 0 %, 37.39 W
2026/09/30 07:01:40.945, 27170 MiB, 0 %, 37.38 W
2026/09/30 07:01:41.948, 27170 MiB, 0 %, 37.29 W
2026/09/30 07:01:42.951, 27170 MiB, 0 %, 37.29 W
2026/09/30 07:01:43.954, 27170 MiB, 0 %, 37.31 W
2026/09/30 07:01:44.957, 27170 MiB, 0 %, 37.28 W
2026/09/30 07:01:45.960, 27170 MiB, 0 %, 37.29 W
2026/09/30 07:01:46.963, 27170 MiB, 0 %, 37.19 W
2026/09/30 07:01:47.966, 27170 MiB, 0 %, 37.19 W
2026/09/30 07:01:48.969, 27170 MiB, 0 %, 37.39 W
2026/09/30 07:01:49.972, 27170 MiB, 0 %, 37.39 W
2026/09/30 07:01:50.975, 27170 MiB, 0 %, 37.29 W
2026/09/30 07:01:51.978, 27170 MiB, 0 %, 37.39 W
2026/09/30 07:01:52.981, 27170 MiB, 0 %, 37.31 W
2026/09/30 07:01:53.984, 27170 MiB, 0 %, 37.29 W
2026/09/30 07:01:54.988, 27170 MiB, 0 %, 37.29 W
2026/09/30 07:01:55.991, 27170 MiB, 0 %, 37.44 W
2026/09/30 07:01:56.994, 27170 MiB, 0 %, 37.37 W
2026/09/30 07:01:57.997, 27170 MiB, 0 %, 37.35 W
2026/09/30 07:01:59.006, 27170 MiB, 0 %, 37.25 W
2026/09/30 07:02:00.009, 27170 MiB, 0 %, 37.35 W
2026/09/30 07:02:01.013, 27170 MiB, 0 %, 37.35 W
2026/09/30 07:02:02.021, 27170 MiB, 0 %, 37.19 W
2026/09/30 07:02:03.025, 27170 MiB, 0 %, 37.29 W
2026/09/30 07:02:04.029, 27170 MiB, 0 %, 37.29 W
2026/09/30 07:02:05.034, 27170 MiB, 0 %, 37.19 W
2026/09/30 07:02:06.037, 27170 MiB, 0 %, 37.29 W
2026/09/30 07:02:07.040, 27170 MiB, 0 %, 37.30 W
2026/09/30 07:02:08.043, 27170 MiB, 0 %, 37.38 W
2026/09/30 07:02:09.046, 27170 MiB, 0 %, 37.48 W
2026/09/30 07:02:10.049, 27170 MiB, 0 %, 37.40 W
2026/09/30 07:02:11.052, 27170 MiB, 0 %, 37.30 W
2026/09/30 07:02:12.055, 27170 MiB, 0 %, 37.29 W
2026/09/30 07:02:13.058, 27170 MiB, 0 %, 37.29 W
2026/09/30 07:02:14.062, 27170 MiB, 0 %, 37.39 W
2026/09/30 07:02:15.065, 27170 MiB, 0 %, 37.38 W
2026/09/30 07:02:16.068, 27170 MiB, 0 %, 37.39 W
2026/09/30 07:02:17.071, 27170 MiB, 0 %, 37.22 W
2026/09/30 07:02:18.074, 27170 MiB, 0 %, 37.39 W
2026/09/30 07:02:19.077, 27170 MiB, 0 %, 37.29 W
2026/09/30 07:02:20.082, 27170 MiB, 0 %, 37.29 W
2026/09/30 07:02:21.085, 27170 MiB, 0 %, 37.38 W
2026/09/30 07:02:22.088, 27170 MiB, 0 %, 37.39 W
2026/09/30 07:02:23.091, 27170 MiB, 0 %, 37.29 W
2026/09/30 07:02:24.094, 27170 MiB, 0 %, 37.39 W
2026/09/30 07:02:25.097, 27170 MiB, 0 %, 37.19 W
2026/09/30 07:02:26.100, 27170 MiB, 0 %, 37.29 W
2026/09/30 07:02:27.103, 27170 MiB, 0 %, 37.29 W
2026/09/30 07:02:28.106, 27170 MiB, 0 %, 37.22 W
2026/09/30 07:02:29.109, 27170 MiB, 0 %, 37.23 W
2026/09/30 07:02:30.112, 27170 MiB, 0 %, 37.23 W
2026/09/30 07:02:31.121, 27170 MiB, 0 %, 37.23 W
2026/09/30 07:02:32.128, 27170 MiB, 0 %, 37.33 W
2026/09/30 07:02:33.131, 27170 MiB, 0 %, 37.23 W
2026/09/30 07:02:34.134, 27170 MiB, 0 %, 37.24 W
2026/09/30 07:02:35.137, 27170 MiB, 0 %, 37.23 W
2026/09/30 07:02:36.140, 27170 MiB, 0 %, 37.24 W
2026/09/30 07:02:37.143, 27170 MiB, 0 %, 37.34 W
2026/09/30 07:02:38.146, 27170 MiB, 0 %, 37.33 W
2026/09/30 07:02:39.149, 27170 MiB, 0 %, 37.23 W
2026/09/30 07:02:40.153, 27170 MiB, 0 %, 37.24 W
2026/09/30 07:02:41.156, 27170 MiB, 0 %, 37.34 W
2026/09/30 07:02:42.159, 27170 MiB, 0 %, 37.24 W
2026/09/30 07:02:43.162, 27170 MiB, 0 %, 37.24 W
2026/09/30 07:02:44.165, 27170 MiB, 0 %, 37.34 W
2026/09/30 07:02:45.168, 27170 MiB, 0 %, 37.24 W
2026/09/30 07:02:46.171, 27170 MiB, 0 %, 37.34 W
2026/09/30 07:02:47.174, 27170 MiB, 0 %, 37.24 W
2026/09/30 07:02:48.177, 27170 MiB, 0 %, 37.34 W
2026/09/30 07:02:49.180, 27170 MiB, 0 %, 37.24 W
2026/09/30 07:02:50.183, 27170 MiB, 0 %, 37.24 W
2026/09/30 07:02:51.188, 27170 MiB, 0 %, 37.34 W
2026/09/30 07:02:52.193, 27170 MiB, 0 %, 37.24 W
2026/09/30 07:02:53.197, 27170 MiB, 0 %, 37.34 W
2026/09/30 07:02:54.200, 27170 MiB, 0 %, 37.35 W
2026/09/30 07:02:55.203, 27170 MiB, 0 %, 37.24 W
2026/09/30 07:02:56.207, 27170 MiB, 0 %, 37.44 W
2026/09/30 07:02:57.210, 27170 MiB, 0 %, 37.34 W
2026/09/30 07:02:58.213, 27170 MiB, 0 %, 37.35 W
2026/09/30 07:02:59.216, 27170 MiB, 0 %, 37.24 W
2026/09/30 07:03:00.219, 27170 MiB, 0 %, 37.44 W
2026/09/30 07:03:01.222, 27170 MiB, 0 %, 37.44 W
2026/09/30 07:03:02.225, 27170 MiB, 0 %, 37.44 W
2026/09/30 07:03:03.228, 27170 MiB, 0 %, 37.35 W
2026/09/30 07:03:04.232, 27170 MiB, 0 %, 37.44 W
2026/09/30 07:03:05.235, 27170 MiB, 0 %, 37.35 W
2026/09/30 07:03:06.240, 27170 MiB, 0 %, 37.35 W
2026/09/30 07:03:07.243, 27170 MiB, 0 %, 37.44 W
2026/09/30 07:03:08.246, 27170 MiB, 0 %, 37.54 W
2026/09/30 07:03:09.249, 27170 MiB, 0 %, 37.54 W
2026/09/30 07:03:10.257, 27170 MiB, 0 %, 37.54 W
2026/09/30 07:03:11.260, 27170 MiB, 0 %, 37.54 W
2026/09/30 07:03:12.263, 27170 MiB, 0 %, 37.44 W
2026/09/30 07:03:13.266, 27170 MiB, 0 %, 37.44 W
2026/09/30 07:03:14.269, 27170 MiB, 0 %, 37.54 W
2026/09/30 07:03:15.275, 27170 MiB, 0 %, 37.53 W
2026/09/30 07:03:16.278, 27170 MiB, 0 %, 37.54 W
2026/09/30 07:03:17.281, 27170 MiB, 0 %, 37.54 W
2026/09/30 07:03:18.284, 27170 MiB, 0 %, 37.54 W
2026/09/30 07:03:19.287, 27170 MiB, 0 %, 37.54 W
2026/09/30 07:03:20.290, 27170 MiB, 0 %, 37.64 W
2026/09/30 07:03:21.293, 27170 MiB, 0 %, 37.54 W
2026/09/30 07:03:22.296, 27170 MiB, 0 %, 37.63 W
2026/09/30 07:03:23.299, 27170 MiB, 0 %, 37.64 W
2026/09/30 07:03:24.302, 27170 MiB, 0 %, 37.64 W
2026/09/30 07:03:25.305, 27170 MiB, 0 %, 37.54 W
2026/09/30 07:03:26.308, 27170 MiB, 0 %, 37.54 W
2026/09/30 07:03:27.311, 27170 MiB, 0 %, 37.64 W
2026/09/30 07:03:28.314, 27170 MiB, 0 %, 37.64 W
2026/09/30 07:03:29.317, 27170 MiB, 0 %, 37.64 W
2026/09/30 07:03:30.320, 27170 MiB, 0 %, 37.64 W
2026/09/30 07:03:31.323, 27170 MiB, 0 %, 37.64 W
2026/09/30 07:03:32.326, 27170 MiB, 0 %, 37.64 W
2026/09/30 07:03:33.329, 27170 MiB, 0 %, 37.64 W
2026/09/30 07:03:34.332, 27170 MiB, 0 %, 37.64 W
2026/09/30 07:03:35.335, 27170 MiB, 0 %, 37.64 W
2026/09/30 07:03:36.341, 27170 MiB, 0 %, 37.64 W
2026/09/30 07:03:37.344, 27170 MiB, 0 %, 37.64 W
2026/09/30 07:03:38.347, 27170 MiB, 0 %, 37.64 W
2026/09/30 07:03:39.350, 27170 MiB, 0 %, 37.64 W
2026/09/30 07:03:40.353, 27170 MiB, 0 %, 37.64 W
2026/09/30 07:03:41.356, 27170 MiB, 0 %, 37.64 W
2026/09/30 07:03:42.359, 27170 MiB, 0 %, 37.74 W
2026/09/30 07:03:43.364, 27170 MiB, 0 %, 37.64 W
2026/09/30 07:03:44.367, 27170 MiB, 0 %, 37.74 W
2026/09/30 07:03:45.370, 27170 MiB, 0 %, 37.64 W
2026/09/30 07:03:46.373, 27170 MiB, 0 %, 37.64 W
2026/09/30 07:03:47.376, 27170 MiB, 0 %, 37.74 W
2026/09/30 07:03:48.379, 27170 MiB, 0 %, 37.74 W
2026/09/30 07:03:49.382, 27170 MiB, 0 %, 37.74 W
2026/09/30 07:03:50.385, 27170 MiB, 0 %, 37.74 W
2026/09/30 07:03:51.388, 27170 MiB, 0 %, 37.74 W
2026/09/30 07:03:52.393, 27170 MiB, 0 %, 37.74 W
2026/09/30 07:03:53.396, 27170 MiB, 0 %, 37.83 W
2026/09/30 07:03:54.400, 27170 MiB, 0 %, 37.74 W
2026/09/30 07:03:55.403, 27170 MiB, 0 %, 37.83 W
2026/09/30 07:03:56.406, 27170 MiB, 0 %, 37.83 W
2026/09/30 07:03:57.409, 27170 MiB, 0 %, 37.74 W
2026/09/30 07:03:58.412, 27170 MiB, 0 %, 37.74 W
2026/09/30 07:03:59.415, 27170 MiB, 0 %, 37.83 W
2026/09/30 07:04:00.418, 27170 MiB, 0 %, 37.83 W
2026/09/30 07:04:01.421, 27170 MiB, 0 %, 37.83 W
2026/09/30 07:04:02.424, 27170 MiB, 0 %, 37.93 W
2026/09/30 07:04:03.427, 27170 MiB, 0 %, 37.83 W
2026/09/30 07:04:04.430, 27170 MiB, 0 %, 37.83 W
2026/09/30 07:04:05.433, 27170 MiB, 0 %, 37.93 W
2026/09/30 07:04:06.436, 27170 MiB, 0 %, 37.93 W
2026/09/30 07:04:07.439, 27170 MiB, 0 %, 37.93 W
2026/09/30 07:04:08.442, 27170 MiB, 0 %, 37.83 W
2026/09/30 07:04:09.446, 27170 MiB, 0 %, 37.93 W
2026/09/30 07:04:10.449, 27170 MiB, 0 %, 37.93 W
2026/09/30 07:04:11.452, 27170 MiB, 0 %, 37.93 W
2026/09/30 07:04:12.455, 27170 MiB, 0 %, 37.93 W
2026/09/30 07:04:13.458, 27170 MiB, 0 %, 37.93 W
2026/09/30 07:04:14.461, 27170 MiB, 0 %, 37.93 W
2026/09/30 07:04:15.464, 27170 MiB, 0 %, 37.93 W
2026/09/30 07:04:16.467, 27170 MiB, 0 %, 37.93 W
2026/09/30 07:04:17.470, 27170 MiB, 0 %, 37.93 W
2026/09/30 07:04:18.473, 27170 MiB, 0 %, 38.02 W
2026/09/30 07:04:19.476, 27170 MiB, 0 %, 38.03 W
2026/09/30 07:04:20.479, 27170 MiB, 0 %, 38.03 W
2026/09/30 07:04:21.482, 27170 MiB, 0 %, 38.03 W
2026/09/30 07:04:22.485, 27170 MiB, 0 %, 38.03 W
2026/09/30 07:04:23.491, 27170 MiB, 0 %, 37.93 W
2026/09/30 07:04:24.494, 27170 MiB, 0 %, 38.03 W
2026/09/30 07:04:25.497, 27170 MiB, 0 %, 38.03 W
2026/09/30 07:04:26.500, 27170 MiB, 0 %, 38.03 W
2026/09/30 07:04:27.503, 27170 MiB, 0 %, 38.03 W
2026/09/30 07:04:28.506, 27170 MiB, 0 %, 38.03 W
2026/09/30 07:04:29.509, 27170 MiB, 0 %, 38.03 W
2026/09/30 07:04:30.512, 27170 MiB, 0 %, 38.03 W
2026/09/30 07:04:31.515, 27170 MiB, 0 %, 38.03 W
2026/09/30 07:04:32.518, 27170 MiB, 0 %, 38.03 W
2026/09/30 07:04:33.521, 27170 MiB, 0 %, 38.03 W
2026/09/30 07:04:34.524, 27170 MiB, 0 %, 38.03 W
2026/09/30 07:04:35.527, 27170 MiB, 0 %, 38.03 W
2026/09/30 07:04:36.531, 27170 MiB, 0 %, 38.03 W
2026/09/30 07:04:37.534, 27170 MiB, 0 %, 38.03 W
2026/09/30 07:04:38.537, 27170 MiB, 0 %, 38.03 W
2026/09/30 07:04:39.540, 27170 MiB, 0 %, 38.13 W
2026/09/30 07:04:40.545, 27170 MiB, 0 %, 38.13 W
2026/09/30 07:04:41.548, 27170 MiB, 0 %, 38.03 W
2026/09/30 07:04:42.551, 27170 MiB, 0 %, 38.13 W
2026/09/30 07:04:43.554, 27170 MiB, 0 %, 38.03 W
2026/09/30 07:04:44.557, 27170 MiB, 0 %, 38.22 W
2026/09/30 07:04:45.560, 27170 MiB, 0 %, 38.12 W
2026/09/30 07:04:46.563, 27170 MiB, 0 %, 38.03 W
2026/09/30 07:04:47.568, 27170 MiB, 0 %, 38.13 W
2026/09/30 07:04:48.571, 27170 MiB, 0 %, 38.13 W
2026/09/30 07:04:49.574, 27170 MiB, 0 %, 38.13 W
2026/09/30 07:04:50.577, 27170 MiB, 0 %, 38.13 W
2026/09/30 07:04:51.580, 27170 MiB, 0 %, 38.13 W
2026/09/30 07:04:52.583, 27170 MiB, 0 %, 38.13 W
2026/09/30 07:04:53.586, 27170 MiB, 0 %, 38.13 W
2026/09/30 07:04:54.589, 27170 MiB, 0 %, 38.22 W
2026/09/30 07:04:55.592, 27170 MiB, 0 %, 38.13 W
2026/09/30 07:04:56.595, 27170 MiB, 0 %, 38.22 W
2026/09/30 07:04:57.598, 27170 MiB, 0 %, 38.22 W
2026/09/30 07:04:58.603, 27170 MiB, 0 %, 38.22 W
2026/09/30 07:04:59.606, 27170 MiB, 0 %, 38.22 W
2026/09/30 07:05:00.610, 27170 MiB, 0 %, 38.12 W
2026/09/30 07:05:01.613, 27170 MiB, 0 %, 38.22 W
2026/09/30 07:05:02.616, 27170 MiB, 0 %, 38.32 W
2026/09/30 07:05:03.619, 27170 MiB, 0 %, 38.22 W
2026/09/30 07:05:04.622, 27170 MiB, 0 %, 38.22 W
2026/09/30 07:05:05.625, 27170 MiB, 0 %, 38.22 W
2026/09/30 07:05:06.628, 27170 MiB, 0 %, 38.22 W
2026/09/30 07:05:07.631, 27170 MiB, 0 %, 38.22 W
2026/09/30 07:05:08.634, 27170 MiB, 0 %, 38.32 W
2026/09/30 07:05:09.637, 27170 MiB, 0 %, 38.32 W
2026/09/30 07:05:10.640, 27170 MiB, 0 %, 38.32 W
2026/09/30 07:05:11.643, 27170 MiB, 0 %, 38.22 W
2026/09/30 07:05:12.646, 27170 MiB, 0 %, 38.32 W
2026/09/30 07:05:13.652, 27170 MiB, 0 %, 38.32 W
2026/09/30 07:05:14.655, 27170 MiB, 0 %, 38.32 W
2026/09/30 07:05:15.658, 27170 MiB, 0 %, 38.32 W
2026/09/30 07:05:16.661, 27170 MiB, 0 %, 38.42 W
2026/09/30 07:05:17.665, 27170 MiB, 0 %, 38.32 W
2026/09/30 07:05:18.668, 27170 MiB, 0 %, 38.32 W
2026/09/30 07:05:19.671, 27170 MiB, 0 %, 38.32 W
2026/09/30 07:05:20.674, 27170 MiB, 0 %, 38.32 W
2026/09/30 07:05:21.677, 27170 MiB, 0 %, 38.42 W
2026/09/30 07:05:22.680, 27170 MiB, 0 %, 38.41 W
2026/09/30 07:05:23.686, 27170 MiB, 0 %, 38.42 W
2026/09/30 07:05:24.689, 27170 MiB, 0 %, 38.42 W
2026/09/30 07:05:25.692, 27170 MiB, 0 %, 38.42 W
2026/09/30 07:05:26.695, 27170 MiB, 0 %, 38.32 W
2026/09/30 07:05:27.698, 27170 MiB, 0 %, 38.32 W
2026/09/30 07:05:28.701, 27170 MiB, 0 %, 38.42 W
2026/09/30 07:05:29.704, 27170 MiB, 0 %, 38.42 W
2026/09/30 07:05:30.707, 27170 MiB, 0 %, 38.42 W
2026/09/30 07:05:31.710, 27170 MiB, 0 %, 38.42 W
2026/09/30 07:05:32.715, 27170 MiB, 0 %, 38.42 W
2026/09/30 07:05:33.718, 27170 MiB, 0 %, 38.42 W
2026/09/30 07:05:34.721, 27170 MiB, 0 %, 38.52 W
2026/09/30 07:05:35.724, 27170 MiB, 0 %, 38.42 W
2026/09/30 07:05:36.727, 27170 MiB, 0 %, 38.42 W
2026/09/30 07:05:37.730, 27170 MiB, 0 %, 38.42 W
2026/09/30 07:05:38.733, 27170 MiB, 0 %, 38.52 W
2026/09/30 07:05:39.736, 27170 MiB, 0 %, 38.52 W
2026/09/30 07:05:40.739, 27170 MiB, 0 %, 38.42 W
2026/09/30 07:05:41.742, 27170 MiB, 0 %, 38.42 W
2026/09/30 07:05:42.745, 27170 MiB, 0 %, 38.52 W
2026/09/30 07:05:43.748, 27170 MiB, 0 %, 38.52 W
2026/09/30 07:05:44.752, 27170 MiB, 0 %, 38.42 W
2026/09/30 07:05:45.757, 27170 MiB, 0 %, 38.52 W
2026/09/30 07:05:46.760, 27170 MiB, 0 %, 38.53 W
2026/09/30 07:05:47.763, 27170 MiB, 0 %, 38.52 W
2026/09/30 07:05:48.766, 27170 MiB, 0 %, 38.52 W
2026/09/30 07:05:49.769, 27170 MiB, 0 %, 38.52 W
2026/09/30 07:05:50.774, 27170 MiB, 0 %, 38.42 W
2026/09/30 07:05:51.777, 27170 MiB, 0 %, 38.52 W
2026/09/30 07:05:52.780, 27170 MiB, 0 %, 38.52 W
2026/09/30 07:05:53.783, 27170 MiB, 0 %, 38.52 W
2026/09/30 07:05:54.786, 27170 MiB, 0 %, 38.52 W
2026/09/30 07:05:55.789, 27170 MiB, 0 %, 38.42 W
2026/09/30 07:05:56.793, 27170 MiB, 0 %, 38.61 W
2026/09/30 07:05:57.796, 27170 MiB, 0 %, 38.62 W
2026/09/30 07:05:58.799, 27170 MiB, 0 %, 38.52 W
2026/09/30 07:05:59.802, 27170 MiB, 0 %, 38.62 W
2026/09/30 07:06:00.805, 27170 MiB, 0 %, 38.62 W
2026/09/30 07:06:01.808, 27170 MiB, 0 %, 38.62 W
2026/09/30 07:06:02.811, 27170 MiB, 0 %, 38.62 W
2026/09/30 07:06:03.814, 27170 MiB, 0 %, 38.52 W
2026/09/30 07:06:04.817, 27170 MiB, 0 %, 38.52 W
2026/09/30 07:06:05.820, 27170 MiB, 0 %, 38.62 W
2026/09/30 07:06:06.823, 27170 MiB, 0 %, 38.62 W
2026/09/30 07:06:07.828, 27170 MiB, 0 %, 38.61 W
2026/09/30 07:06:08.832, 27170 MiB, 0 %, 38.62 W
2026/09/30 07:06:09.835, 27170 MiB, 0 %, 38.62 W
2026/09/30 07:06:10.839, 27170 MiB, 0 %, 38.62 W
2026/09/30 07:06:11.842, 27170 MiB, 0 %, 38.62 W
2026/09/30 07:06:12.845, 27170 MiB, 0 %, 38.62 W
2026/09/30 07:06:13.848, 27170 MiB, 0 %, 38.61 W
2026/09/30 07:06:14.851, 27170 MiB, 0 %, 38.62 W
2026/09/30 07:06:15.854, 27170 MiB, 0 %, 38.62 W
2026/09/30 07:06:16.857, 27170 MiB, 0 %, 38.62 W
2026/09/30 07:06:17.860, 27170 MiB, 0 %, 38.61 W
2026/09/30 07:06:18.863, 27170 MiB, 0 %, 38.52 W
2026/09/30 07:06:19.866, 27170 MiB, 0 %, 38.62 W
2026/09/30 07:06:20.869, 27170 MiB, 0 %, 38.62 W
2026/09/30 07:06:21.872, 27170 MiB, 0 %, 38.62 W
2026/09/30 07:06:22.876, 27170 MiB, 0 %, 38.62 W
2026/09/30 07:06:23.879, 27170 MiB, 0 %, 38.62 W
2026/09/30 07:06:24.882, 27170 MiB, 0 %, 38.71 W
2026/09/30 07:06:25.885, 27170 MiB, 0 %, 38.62 W
2026/09/30 07:06:26.888, 27170 MiB, 0 %, 38.62 W
2026/09/30 07:06:27.896, 27170 MiB, 0 %, 38.62 W
2026/09/30 07:06:28.899, 27170 MiB, 0 %, 38.62 W
2026/09/30 07:06:29.902, 27170 MiB, 0 %, 38.71 W
2026/09/30 07:06:30.906, 27170 MiB, 0 %, 38.62 W
2026/09/30 07:06:31.909, 27170 MiB, 0 %, 38.62 W
2026/09/30 07:06:32.912, 27170 MiB, 0 %, 38.62 W
2026/09/30 07:06:33.917, 27170 MiB, 0 %, 38.71 W
2026/09/30 07:06:34.922, 27170 MiB, 0 %, 38.71 W
2026/09/30 07:06:35.926, 27170 MiB, 0 %, 38.71 W
2026/09/30 07:06:36.929, 27170 MiB, 0 %, 38.71 W
2026/09/30 07:06:37.932, 27170 MiB, 0 %, 38.71 W
2026/09/30 07:06:38.935, 27170 MiB, 0 %, 38.81 W
2026/09/30 07:06:39.938, 27170 MiB, 0 %, 38.81 W
2026/09/30 07:06:40.941, 27170 MiB, 0 %, 38.71 W
2026/09/30 07:06:41.945, 27170 MiB, 0 %, 38.71 W
2026/09/30 07:06:42.948, 27170 MiB, 0 %, 38.71 W
2026/09/30 07:06:43.951, 27170 MiB, 0 %, 38.81 W
2026/09/30 07:06:44.954, 27170 MiB, 0 %, 38.81 W
2026/09/30 07:06:45.957, 27170 MiB, 0 %, 38.81 W
2026/09/30 07:06:46.960, 27170 MiB, 0 %, 38.71 W
2026/09/30 07:06:47.963, 27170 MiB, 0 %, 38.81 W
2026/09/30 07:06:48.966, 27170 MiB, 0 %, 38.71 W
2026/09/30 07:06:49.969, 27170 MiB, 0 %, 38.81 W
2026/09/30 07:06:50.972, 27170 MiB, 0 %, 38.71 W
2026/09/30 07:06:51.975, 27170 MiB, 0 %, 38.81 W
2026/09/30 07:06:52.978, 27170 MiB, 0 %, 38.71 W
2026/09/30 07:06:53.984, 27170 MiB, 0 %, 38.81 W
2026/09/30 07:06:54.987, 27170 MiB, 0 %, 38.81 W
2026/09/30 07:06:55.990, 27170 MiB, 0 %, 38.71 W
2026/09/30 07:06:56.994, 27170 MiB, 0 %, 38.81 W
2026/09/30 07:06:57.997, 27170 MiB, 0 %, 38.81 W
2026/09/30 07:06:59.000, 27170 MiB, 0 %, 38.80 W
2026/09/30 07:07:00.003, 27170 MiB, 0 %, 38.81 W
2026/09/30 07:07:01.006, 27170 MiB, 0 %, 38.71 W
2026/09/30 07:07:02.009, 27170 MiB, 0 %, 38.81 W
2026/09/30 07:07:03.012, 27170 MiB, 0 %, 38.81 W
2026/09/30 07:07:04.015, 27170 MiB, 0 %, 38.81 W
2026/09/30 07:07:05.018, 27170 MiB, 0 %, 38.81 W
2026/09/30 07:07:06.021, 27170 MiB, 0 %, 38.71 W
2026/09/30 07:07:07.024, 27170 MiB, 0 %, 38.81 W
2026/09/30 07:07:08.027, 27170 MiB, 0 %, 38.81 W
2026/09/30 07:07:09.030, 27170 MiB, 0 %, 38.71 W
2026/09/30 07:07:10.033, 27170 MiB, 0 %, 38.81 W
2026/09/30 07:07:11.036, 27170 MiB, 0 %, 38.81 W
2026/09/30 07:07:12.039, 27170 MiB, 0 %, 38.81 W
2026/09/30 07:07:13.042, 27170 MiB, 0 %, 38.81 W
2026/09/30 07:07:14.048, 27170 MiB, 0 %, 38.81 W
2026/09/30 07:07:15.051, 27170 MiB, 0 %, 38.81 W
2026/09/30 07:07:16.054, 27170 MiB, 0 %, 38.81 W
2026/09/30 07:07:17.057, 27170 MiB, 0 %, 38.81 W
2026/09/30 07:07:18.060, 27170 MiB, 0 %, 38.81 W
2026/09/30 07:07:19.063, 27170 MiB, 0 %, 38.91 W
2026/09/30 07:07:20.066, 27170 MiB, 0 %, 38.81 W
2026/09/30 07:07:21.069, 27170 MiB, 0 %, 38.81 W
2026/09/30 07:07:22.072, 27170 MiB, 0 %, 38.81 W
2026/09/30 07:07:23.075, 27170 MiB, 0 %, 38.81 W
2026/09/30 07:07:24.078, 27170 MiB, 0 %, 38.81 W
2026/09/30 07:07:25.081, 27170 MiB, 0 %, 38.81 W
2026/09/30 07:07:26.084, 27170 MiB, 0 %, 38.91 W
2026/09/30 07:07:27.087, 27170 MiB, 0 %, 38.91 W
2026/09/30 07:07:28.090, 27170 MiB, 0 %, 38.81 W
2026/09/30 07:07:29.093, 27170 MiB, 0 %, 38.81 W
2026/09/30 07:07:30.096, 27170 MiB, 0 %, 38.81 W
2026/09/30 07:07:31.099, 27170 MiB, 0 %, 38.81 W
2026/09/30 07:07:32.102, 27170 MiB, 0 %, 38.91 W
2026/09/30 07:07:33.105, 27170 MiB, 0 %, 38.81 W
2026/09/30 07:07:34.108, 27170 MiB, 0 %, 38.81 W
2026/09/30 07:07:35.111, 27170 MiB, 0 %, 38.91 W
2026/09/30 07:07:36.120, 27170 MiB, 0 %, 38.81 W
2026/09/30 07:07:37.123, 27170 MiB, 0 %, 38.81 W
2026/09/30 07:07:38.126, 27170 MiB, 0 %, 38.91 W
2026/09/30 07:07:39.129, 27170 MiB, 0 %, 38.81 W
2026/09/30 07:07:40.132, 27170 MiB, 0 %, 38.81 W
2026/09/30 07:07:41.136, 27170 MiB, 0 %, 38.91 W
2026/09/30 07:07:42.139, 27170 MiB, 0 %, 38.91 W
2026/09/30 07:07:43.142, 27170 MiB, 0 %, 38.81 W
2026/09/30 07:07:44.145, 27170 MiB, 0 %, 38.81 W
2026/09/30 07:07:45.148, 27170 MiB, 0 %, 38.81 W
2026/09/30 07:07:46.151, 27170 MiB, 0 %, 38.81 W
2026/09/30 07:07:47.154, 27170 MiB, 0 %, 38.81 W
2026/09/30 07:07:48.157, 27170 MiB, 0 %, 38.91 W
2026/09/30 07:07:49.160, 27170 MiB, 0 %, 38.91 W
2026/09/30 07:07:50.163, 27170 MiB, 0 %, 38.91 W
2026/09/30 07:07:51.166, 27170 MiB, 0 %, 38.91 W
2026/09/30 07:07:52.169, 27170 MiB, 0 %, 38.91 W
2026/09/30 07:07:53.172, 27170 MiB, 0 %, 38.91 W
2026/09/30 07:07:54.175, 27170 MiB, 0 %, 38.80 W
2026/09/30 07:07:55.178, 27170 MiB, 0 %, 38.81 W
2026/09/30 07:07:56.181, 27170 MiB, 0 %, 38.91 W
2026/09/30 07:07:57.185, 27170 MiB, 0 %, 38.90 W
2026/09/30 07:07:58.188, 27170 MiB, 0 %, 38.91 W
2026/09/30 07:07:59.191, 27170 MiB, 0 %, 38.91 W
2026/09/30 07:08:00.197, 27170 MiB, 0 %, 38.91 W
2026/09/30 07:08:01.200, 27170 MiB, 0 %, 38.91 W
2026/09/30 07:08:02.203, 27170 MiB, 0 %, 38.81 W
2026/09/30 07:08:03.206, 27170 MiB, 0 %, 38.91 W
2026/09/30 07:08:04.209, 27170 MiB, 0 %, 38.91 W
2026/09/30 07:08:05.212, 27170 MiB, 0 %, 38.91 W
2026/09/30 07:08:06.216, 27170 MiB, 0 %, 38.90 W
2026/09/30 07:08:07.219, 27170 MiB, 0 %, 38.91 W
2026/09/30 07:08:08.222, 27170 MiB, 0 %, 38.91 W
2026/09/30 07:08:09.225, 27170 MiB, 0 %, 38.91 W
2026/09/30 07:08:10.228, 27170 MiB, 0 %, 38.91 W
2026/09/30 07:08:11.231, 27170 MiB, 0 %, 38.91 W
2026/09/30 07:08:12.234, 27170 MiB, 0 %, 38.91 W
2026/09/30 07:08:13.238, 27170 MiB, 0 %, 38.81 W
2026/09/30 07:08:14.241, 27170 MiB, 0 %, 38.91 W
2026/09/30 07:08:15.244, 27170 MiB, 0 %, 38.91 W
2026/09/30 07:08:16.247, 27182 MiB, 96 %, 180.06 W
2026/09/30 07:08:17.264, 27182 MiB, 0 %, 47.38 W
2026/09/30 07:08:18.267, 27182 MiB, 0 %, 46.68 W
2026/09/30 07:08:19.270, 27182 MiB, 0 %, 46.69 W
2026/09/30 07:08:20.273, 27182 MiB, 0 %, 39.30 W
2026/09/30 07:08:21.276, 27182 MiB, 0 %, 39.20 W
2026/09/30 07:08:22.279, 27182 MiB, 0 %, 39.10 W
2026/09/30 07:08:23.282, 27182 MiB, 0 %, 39.10 W
2026/09/30 07:08:24.285, 27182 MiB, 0 %, 39.10 W
2026/09/30 07:08:25.288, 27182 MiB, 0 %, 39.10 W
2026/09/30 07:08:26.294, 27182 MiB, 0 %, 39.00 W
2026/09/30 07:08:27.297, 27182 MiB, 0 %, 39.09 W
2026/09/30 07:08:28.300, 27182 MiB, 66 %, 45.70 W
2026/09/30 07:08:29.306, 27182 MiB, 96 %, 190.36 W
2026/09/30 07:08:30.309, 27182 MiB, 96 %, 187.91 W
2026/09/30 07:08:31.312, 27182 MiB, 96 %, 183.40 W
2026/09/30 07:08:32.315, 27182 MiB, 96 %, 187.31 W
2026/09/30 07:08:33.318, 27182 MiB, 0 %, 47.95 W
2026/09/30 07:08:34.321, 27182 MiB, 0 %, 47.55 W
2026/09/30 07:08:35.324, 27182 MiB, 0 %, 47.46 W
2026/09/30 07:08:36.327, 27182 MiB, 0 %, 47.36 W
2026/09/30 07:08:37.330, 27182 MiB, 0 %, 47.36 W
2026/09/30 07:08:38.336, 27182 MiB, 0 %, 47.36 W
2026/09/30 07:08:39.339, 27182 MiB, 0 %, 47.36 W
2026/09/30 07:08:40.342, 27182 MiB, 0 %, 47.36 W
2026/09/30 07:08:41.345, 27182 MiB, 0 %, 47.37 W
2026/09/30 07:08:42.348, 27182 MiB, 0 %, 47.36 W
2026/09/30 07:08:43.351, 27182 MiB, 0 %, 47.55 W
2026/09/30 07:08:44.354, 27182 MiB, 96 %, 183.38 W
2026/09/30 07:08:45.357, 27182 MiB, 96 %, 184.66 W
2026/09/30 07:08:46.360, 27182 MiB, 96 %, 185.40 W
2026/09/30 07:08:47.363, 27182 MiB, 96 %, 186.63 W
2026/09/30 07:08:48.366, 27182 MiB, 96 %, 182.80 W
2026/09/30 07:08:49.369, 27182 MiB, 96 %, 189.62 W
2026/09/30 07:08:50.372, 27182 MiB, 96 %, 189.14 W
2026/09/30 07:08:51.375, 27182 MiB, 96 %, 191.62 W
2026/09/30 07:08:52.378, 27182 MiB, 96 %, 193.99 W
2026/09/30 07:08:53.381, 27182 MiB, 96 %, 187.47 W
2026/09/30 07:08:54.384, 27182 MiB, 96 %, 192.66 W
2026/09/30 07:08:55.387, 27182 MiB, 96 %, 191.98 W
2026/09/30 07:08:56.390, 27182 MiB, 96 %, 187.15 W
2026/09/30 07:08:57.393, 27182 MiB, 96 %, 197.77 W
2026/09/30 07:08:58.396, 27182 MiB, 96 %, 192.52 W
2026/09/30 07:08:59.399, 27182 MiB, 96 %, 188.77 W
2026/09/30 07:09:00.403, 27182 MiB, 96 %, 193.48 W
2026/09/30 07:09:01.406, 27182 MiB, 96 %, 189.60 W
2026/09/30 07:09:02.409, 27182 MiB, 96 %, 192.46 W
2026/09/30 07:09:03.412, 27182 MiB, 96 %, 189.66 W
2026/09/30 07:09:04.415, 27182 MiB, 96 %, 195.33 W
2026/09/30 07:09:05.418, 27182 MiB, 93 %, 193.07 W
2026/09/30 07:09:06.421, 27182 MiB, 96 %, 189.62 W
2026/09/30 07:09:07.424, 27182 MiB, 96 %, 191.52 W
2026/09/30 07:09:08.427, 27182 MiB, 96 %, 194.97 W
2026/09/30 07:09:09.430, 27182 MiB, 96 %, 198.38 W
2026/09/30 07:09:10.433, 27182 MiB, 96 %, 189.85 W
2026/09/30 07:09:11.438, 27182 MiB, 96 %, 190.92 W
2026/09/30 07:09:12.442, 27182 MiB, 96 %, 189.69 W
2026/09/30 07:09:13.444, 27182 MiB, 96 %, 190.35 W
2026/09/30 07:09:14.447, 27182 MiB, 96 %, 199.75 W
2026/09/30 07:09:15.450, 27182 MiB, 96 %, 192.74 W
2026/09/30 07:09:16.453, 27182 MiB, 96 %, 197.67 W
2026/09/30 07:09:17.456, 27182 MiB, 95 %, 197.63 W
2026/09/30 07:09:18.459, 27182 MiB, 96 %, 200.80 W
2026/09/30 07:09:19.462, 27182 MiB, 96 %, 195.94 W
2026/09/30 07:09:20.465, 27182 MiB, 96 %, 188.40 W
2026/09/30 07:09:21.469, 27182 MiB, 96 %, 195.20 W
2026/09/30 07:09:22.472, 27182 MiB, 0 %, 53.09 W
2026/09/30 07:09:23.475, 27184 MiB, 95 %, 193.69 W
2026/09/30 07:09:24.478, 27184 MiB, 96 %, 188.91 W
2026/09/30 07:09:25.481, 27184 MiB, 96 %, 194.77 W
2026/09/30 07:09:26.484, 27184 MiB, 96 %, 190.21 W
2026/09/30 07:09:27.488, 27184 MiB, 90 %, 190.48 W
2026/09/30 07:09:28.491, 27184 MiB, 96 %, 193.22 W
2026/09/30 07:09:29.494, 27184 MiB, 96 %, 190.22 W
2026/09/30 07:09:30.497, 27184 MiB, 96 %, 191.50 W
2026/09/30 07:09:31.500, 27184 MiB, 96 %, 193.32 W
2026/09/30 07:09:32.503, 27184 MiB, 90 %, 195.36 W
2026/09/30 07:09:33.506, 27184 MiB, 96 %, 193.92 W
2026/09/30 07:09:34.509, 27184 MiB, 96 %, 196.38 W
2026/09/30 07:09:35.512, 27184 MiB, 96 %, 195.07 W
2026/09/30 07:09:36.515, 27184 MiB, 96 %, 199.76 W
2026/09/30 07:09:37.518, 27184 MiB, 90 %, 197.83 W
2026/09/30 07:09:38.521, 27184 MiB, 96 %, 196.20 W
2026/09/30 07:09:39.524, 27184 MiB, 96 %, 191.33 W
2026/09/30 07:09:40.527, 27184 MiB, 96 %, 194.26 W
2026/09/30 07:09:41.530, 27184 MiB, 96 %, 197.39 W
2026/09/30 07:09:42.533, 27184 MiB, 90 %, 195.22 W
2026/09/30 07:09:43.536, 27184 MiB, 95 %, 193.98 W
2026/09/30 07:09:44.539, 27184 MiB, 96 %, 196.13 W
2026/09/30 07:09:45.542, 27184 MiB, 95 %, 197.10 W
2026/09/30 07:09:46.545, 27184 MiB, 96 %, 196.10 W
2026/09/30 07:09:47.548, 27184 MiB, 93 %, 195.92 W
2026/09/30 07:09:48.551, 27184 MiB, 96 %, 199.09 W
2026/09/30 07:09:49.554, 27184 MiB, 96 %, 198.71 W
2026/09/30 07:09:50.557, 27184 MiB, 96 %, 197.45 W
2026/09/30 07:09:51.560, 27184 MiB, 96 %, 194.26 W
2026/09/30 07:09:52.563, 27184 MiB, 89 %, 198.23 W
2026/09/30 07:09:53.566, 27184 MiB, 96 %, 200.25 W
2026/09/30 07:09:54.569, 27184 MiB, 96 %, 199.49 W
2026/09/30 07:09:55.572, 27184 MiB, 95 %, 199.87 W
2026/09/30 07:09:56.575, 27184 MiB, 96 %, 194.33 W
2026/09/30 07:09:57.578, 27184 MiB, 90 %, 199.28 W
2026/09/30 07:09:58.581, 27184 MiB, 96 %, 199.85 W
2026/09/30 07:09:59.584, 27184 MiB, 96 %, 199.76 W
2026/09/30 07:10:00.587, 27184 MiB, 96 %, 188.67 W
2026/09/30 07:10:01.590, 27184 MiB, 96 %, 199.28 W
2026/09/30 07:10:02.593, 27184 MiB, 88 %, 200.89 W
2026/09/30 07:10:03.596, 27184 MiB, 96 %, 199.38 W
2026/09/30 07:10:04.599, 27184 MiB, 96 %, 199.16 W
2026/09/30 07:10:05.602, 27184 MiB, 96 %, 201.89 W
2026/09/30 07:10:06.605, 27184 MiB, 95 %, 196.58 W
2026/09/30 07:10:07.608, 27184 MiB, 95 %, 189.98 W
2026/09/30 07:10:08.611, 27184 MiB, 96 %, 202.76 W
2026/09/30 07:10:09.615, 27184 MiB, 96 %, 198.90 W
2026/09/30 07:10:10.619, 27184 MiB, 96 %, 202.38 W
2026/09/30 07:10:11.622, 27184 MiB, 96 %, 200.92 W
2026/09/30 07:10:12.625, 27184 MiB, 96 %, 199.64 W
2026/09/30 07:10:13.628, 27184 MiB, 96 %, 203.30 W
2026/09/30 07:10:14.631, 27184 MiB, 96 %, 198.71 W
2026/09/30 07:10:15.637, 27184 MiB, 96 %, 201.50 W
2026/09/30 07:10:16.640, 27184 MiB, 95 %, 202.11 W
2026/09/30 07:10:17.643, 27184 MiB, 95 %, 195.91 W
2026/09/30 07:10:18.646, 27184 MiB, 96 %, 201.02 W
2026/09/30 07:10:19.649, 27184 MiB, 96 %, 204.97 W
2026/09/30 07:10:20.652, 27184 MiB, 96 %, 205.01 W
2026/09/30 07:10:21.655, 27184 MiB, 96 %, 205.82 W
2026/09/30 07:10:22.658, 27184 MiB, 96 %, 198.70 W
2026/09/30 07:10:23.661, 27184 MiB, 95 %, 203.80 W
2026/09/30 07:10:24.664, 27184 MiB, 96 %, 202.23 W
2026/09/30 07:10:25.667, 27184 MiB, 96 %, 202.38 W
2026/09/30 07:10:26.670, 27184 MiB, 96 %, 200.83 W
2026/09/30 07:10:27.673, 27184 MiB, 96 %, 205.26 W
2026/09/30 07:10:28.676, 27184 MiB, 96 %, 201.77 W
2026/09/30 07:10:29.679, 27184 MiB, 96 %, 205.72 W
2026/09/30 07:10:30.682, 27184 MiB, 96 %, 204.82 W
2026/09/30 07:10:31.685, 27184 MiB, 96 %, 201.10 W
2026/09/30 07:10:32.688, 27184 MiB, 96 %, 208.31 W
2026/09/30 07:10:33.691, 27184 MiB, 95 %, 199.58 W
2026/09/30 07:10:34.694, 27184 MiB, 96 %, 205.59 W
2026/09/30 07:10:35.697, 27184 MiB, 96 %, 203.14 W
2026/09/30 07:10:36.700, 27184 MiB, 95 %, 199.32 W
2026/09/30 07:10:37.703, 27184 MiB, 96 %, 205.68 W
2026/09/30 07:10:38.709, 27184 MiB, 96 %, 201.29 W
2026/09/30 07:10:39.712, 27184 MiB, 96 %, 206.90 W
2026/09/30 07:10:40.715, 27184 MiB, 96 %, 206.07 W
2026/09/30 07:10:41.718, 27184 MiB, 96 %, 205.04 W
2026/09/30 07:10:42.721, 27184 MiB, 96 %, 203.55 W
2026/09/30 07:10:43.724, 27184 MiB, 91 %, 205.46 W
2026/09/30 07:10:44.728, 27184 MiB, 96 %, 202.09 W
2026/09/30 07:10:45.731, 27184 MiB, 96 %, 204.37 W
2026/09/30 07:10:46.734, 27184 MiB, 96 %, 206.50 W
2026/09/30 07:10:47.737, 27184 MiB, 96 %, 203.83 W
2026/09/30 07:10:48.740, 27184 MiB, 96 %, 207.55 W
2026/09/30 07:10:49.743, 27184 MiB, 95 %, 205.56 W
2026/09/30 07:10:50.746, 27184 MiB, 96 %, 206.68 W
2026/09/30 07:10:51.749, 27184 MiB, 95 %, 207.12 W
2026/09/30 07:10:52.753, 27184 MiB, 96 %, 202.00 W
2026/09/30 07:10:53.756, 27184 MiB, 96 %, 205.46 W
2026/09/30 07:10:54.759, 27184 MiB, 96 %, 201.09 W
2026/09/30 07:10:55.762, 27184 MiB, 96 %, 203.21 W
2026/09/30 07:10:56.765, 27184 MiB, 96 %, 200.73 W
2026/09/30 07:10:57.768, 27184 MiB, 96 %, 198.18 W
2026/09/30 07:10:58.771, 27184 MiB, 96 %, 202.89 W
2026/09/30 07:10:59.774, 27184 MiB, 96 %, 205.34 W
2026/09/30 07:11:00.777, 27184 MiB, 96 %, 205.19 W
2026/09/30 07:11:01.780, 27184 MiB, 96 %, 203.81 W
2026/09/30 07:11:02.783, 27184 MiB, 95 %, 207.43 W
2026/09/30 07:11:03.786, 27184 MiB, 96 %, 208.29 W
2026/09/30 07:11:04.789, 27184 MiB, 90 %, 195.77 W
2026/09/30 07:11:05.792, 27184 MiB, 96 %, 208.69 W
2026/09/30 07:11:06.795, 27184 MiB, 96 %, 205.98 W
2026/09/30 07:11:07.798, 27184 MiB, 96 %, 203.22 W
2026/09/30 07:11:08.801, 27184 MiB, 95 %, 207.40 W
2026/09/30 07:11:09.805, 27184 MiB, 96 %, 205.79 W
2026/09/30 07:11:10.808, 27184 MiB, 96 %, 204.53 W
2026/09/30 07:11:11.811, 27184 MiB, 96 %, 207.77 W
2026/09/30 07:11:12.814, 27184 MiB, 96 %, 203.97 W
2026/09/30 07:11:13.817, 27184 MiB, 96 %, 207.28 W
2026/09/30 07:11:14.820, 27184 MiB, 96 %, 202.85 W
2026/09/30 07:11:15.823, 27184 MiB, 96 %, 202.11 W
2026/09/30 07:11:16.826, 27184 MiB, 96 %, 207.64 W
2026/09/30 07:11:17.829, 27184 MiB, 96 %, 202.95 W
2026/09/30 07:11:18.834, 27184 MiB, 96 %, 207.74 W
2026/09/30 07:11:19.837, 27184 MiB, 96 %, 210.35 W
2026/09/30 07:11:20.840, 27184 MiB, 96 %, 208.81 W
2026/09/30 07:11:21.843, 27184 MiB, 96 %, 209.30 W
2026/09/30 07:11:22.856, 27184 MiB, 96 %, 203.42 W
2026/09/30 07:11:23.859, 27184 MiB, 96 %, 207.90 W
2026/09/30 07:11:24.862, 27184 MiB, 96 %, 204.24 W
2026/09/30 07:11:25.865, 27184 MiB, 96 %, 205.80 W
2026/09/30 07:11:26.868, 27184 MiB, 96 %, 205.04 W
2026/09/30 07:11:27.871, 27184 MiB, 96 %, 207.94 W
2026/09/30 07:11:28.874, 27184 MiB, 96 %, 208.74 W
2026/09/30 07:11:29.880, 27184 MiB, 96 %, 202.67 W
2026/09/30 07:11:30.883, 27184 MiB, 96 %, 205.24 W
2026/09/30 07:11:31.886, 27184 MiB, 96 %, 209.39 W
2026/09/30 07:11:32.889, 27184 MiB, 96 %, 209.31 W
2026/09/30 07:11:33.892, 27184 MiB, 96 %, 207.65 W
2026/09/30 07:11:34.895, 27184 MiB, 96 %, 209.51 W
2026/09/30 07:11:35.898, 27184 MiB, 96 %, 211.59 W
2026/09/30 07:11:36.901, 27184 MiB, 96 %, 206.77 W
2026/09/30 07:11:37.904, 27184 MiB, 95 %, 200.74 W
2026/09/30 07:11:38.907, 27184 MiB, 96 %, 208.42 W
2026/09/30 07:11:39.910, 27184 MiB, 96 %, 209.25 W
2026/09/30 07:11:40.913, 27184 MiB, 96 %, 208.71 W
2026/09/30 07:11:41.916, 27184 MiB, 96 %, 209.54 W
2026/09/30 07:11:42.919, 27184 MiB, 96 %, 208.19 W
2026/09/30 07:11:43.922, 27184 MiB, 96 %, 203.25 W
2026/09/30 07:11:44.925, 27184 MiB, 96 %, 209.97 W
2026/09/30 07:11:45.928, 27184 MiB, 96 %, 207.94 W
2026/09/30 07:11:46.931, 27184 MiB, 96 %, 203.02 W
2026/09/30 07:11:47.934, 27184 MiB, 96 %, 202.49 W
2026/09/30 07:11:48.937, 27184 MiB, 96 %, 207.46 W
2026/09/30 07:11:49.940, 27184 MiB, 96 %, 209.37 W
2026/09/30 07:11:50.943, 27184 MiB, 96 %, 202.79 W
2026/09/30 07:11:51.946, 27184 MiB, 96 %, 209.58 W
2026/09/30 07:11:52.949, 27184 MiB, 90 %, 209.33 W
2026/09/30 07:11:53.955, 27184 MiB, 96 %, 204.65 W
2026/09/30 07:11:54.958, 27184 MiB, 97 %, 207.77 W
2026/09/30 07:11:55.961, 27184 MiB, 96 %, 208.83 W
2026/09/30 07:11:56.964, 27184 MiB, 96 %, 209.58 W
2026/09/30 07:11:57.967, 27184 MiB, 96 %, 206.58 W
2026/09/30 07:11:58.970, 27184 MiB, 96 %, 199.68 W
2026/09/30 07:11:59.973, 27184 MiB, 96 %, 206.61 W
2026/09/30 07:12:00.976, 27184 MiB, 96 %, 206.19 W
2026/09/30 07:12:01.979, 27184 MiB, 96 %, 202.39 W
2026/09/30 07:12:02.982, 27184 MiB, 96 %, 206.48 W
2026/09/30 07:12:03.985, 27184 MiB, 96 %, 209.18 W
2026/09/30 07:12:04.988, 27184 MiB, 96 %, 208.53 W
2026/09/30 07:12:05.991, 27184 MiB, 96 %, 203.88 W
2026/09/30 07:12:06.994, 27184 MiB, 96 %, 205.07 W
2026/09/30 07:12:07.997, 27184 MiB, 96 %, 207.71 W
2026/09/30 07:12:09.000, 27184 MiB, 95 %, 176.39 W
2026/09/30 07:12:10.003, 27184 MiB, 96 %, 99.18 W
2026/09/30 07:12:11.006, 27184 MiB, 43 %, 57.55 W
2026/09/30 07:12:12.009, 27184 MiB, 95 %, 202.93 W
2026/09/30 07:12:13.012, 27184 MiB, 96 %, 199.47 W
2026/09/30 07:12:14.015, 27184 MiB, 60 %, 189.45 W
2026/09/30 07:12:15.018, 27184 MiB, 96 %, 196.80 W
2026/09/30 07:12:16.021, 27184 MiB, 96 %, 202.17 W
2026/09/30 07:12:17.024, 27184 MiB, 96 %, 204.42 W
2026/09/30 07:12:18.027, 27184 MiB, 95 %, 202.18 W
2026/09/30 07:12:19.030, 27184 MiB, 96 %, 206.84 W
2026/09/30 07:12:20.034, 27184 MiB, 96 %, 199.35 W
2026/09/30 07:12:21.041, 27184 MiB, 96 %, 201.12 W
2026/09/30 07:12:22.044, 27184 MiB, 96 %, 199.46 W
2026/09/30 07:12:23.047, 27184 MiB, 58 %, 193.62 W
2026/09/30 07:12:24.050, 27184 MiB, 96 %, 204.16 W
2026/09/30 07:12:25.053, 27184 MiB, 95 %, 198.87 W
2026/09/30 07:12:26.056, 27184 MiB, 96 %, 200.53 W
2026/09/30 07:12:27.059, 27184 MiB, 96 %, 203.67 W
2026/09/30 07:12:28.062, 27184 MiB, 96 %, 201.32 W
2026/09/30 07:12:29.065, 27184 MiB, 96 %, 201.45 W
2026/09/30 07:12:30.068, 27184 MiB, 96 %, 203.72 W
2026/09/30 07:12:31.072, 27184 MiB, 96 %, 202.08 W
2026/09/30 07:12:32.076, 27184 MiB, 96 %, 204.01 W
2026/09/30 07:12:33.079, 27184 MiB, 96 %, 201.70 W
2026/09/30 07:12:34.082, 27184 MiB, 95 %, 204.62 W
2026/09/30 07:12:35.085, 27184 MiB, 96 %, 197.36 W
2026/09/30 07:12:36.088, 27184 MiB, 96 %, 203.99 W
2026/09/30 07:12:37.091, 27184 MiB, 95 %, 201.52 W
2026/09/30 07:12:38.097, 27184 MiB, 95 %, 205.01 W
2026/09/30 07:12:39.100, 27184 MiB, 96 %, 205.85 W
2026/09/30 07:12:40.103, 27184 MiB, 96 %, 204.82 W
2026/09/30 07:12:41.105, 27360 MiB, 100 %, 227.08 W
2026/09/30 07:12:42.108, 27360 MiB, 96 %, 202.48 W
2026/09/30 07:12:43.111, 27360 MiB, 0 %, 56.97 W
2026/09/30 07:12:44.114, 27360 MiB, 96 %, 199.39 W
2026/09/30 07:12:45.117, 27360 MiB, 96 %, 202.66 W
2026/09/30 07:12:46.120, 27360 MiB, 96 %, 199.54 W
2026/09/30 07:12:47.123, 27360 MiB, 96 %, 205.40 W
2026/09/30 07:12:48.126, 27360 MiB, 96 %, 200.10 W
2026/09/30 07:12:49.129, 27360 MiB, 96 %, 200.24 W
2026/09/30 07:12:50.132, 27360 MiB, 96 %, 198.26 W
2026/09/30 07:12:51.135, 27360 MiB, 95 %, 199.23 W
2026/09/30 07:12:52.138, 27360 MiB, 96 %, 199.61 W
2026/09/30 07:12:53.141, 27360 MiB, 96 %, 201.04 W
2026/09/30 07:12:54.144, 27360 MiB, 0 %, 57.16 W
2026/09/30 07:12:55.147, 27362 MiB, 82 %, 200.86 W
2026/09/30 07:12:56.150, 27362 MiB, 94 %, 209.93 W
2026/09/30 07:12:57.153, 27362 MiB, 94 %, 207.36 W
2026/09/30 07:12:58.158, 27362 MiB, 95 %, 199.00 W
2026/09/30 07:12:59.161, 27362 MiB, 94 %, 205.04 W
2026/09/30 07:13:00.164, 27362 MiB, 94 %, 211.68 W
2026/09/30 07:13:01.167, 27362 MiB, 94 %, 201.80 W
2026/09/30 07:13:02.171, 27362 MiB, 95 %, 210.43 W
2026/09/30 07:13:03.174, 27362 MiB, 95 %, 202.82 W
2026/09/30 07:13:04.177, 27362 MiB, 94 %, 210.51 W
2026/09/30 07:13:05.180, 27362 MiB, 95 %, 205.08 W
2026/09/30 07:13:06.184, 27362 MiB, 94 %, 209.35 W
2026/09/30 07:13:07.187, 27362 MiB, 94 %, 149.13 W
2026/09/30 07:13:08.191, 27362 MiB, 0 %, 56.09 W
2026/09/30 07:13:09.194, 27362 MiB, 78 %, 58.23 W
2026/09/30 07:13:10.197, 27362 MiB, 94 %, 210.38 W
2026/09/30 07:13:11.200, 27362 MiB, 93 %, 194.06 W
2026/09/30 07:13:12.203, 27362 MiB, 92 %, 206.73 W
2026/09/30 07:13:13.206, 27362 MiB, 92 %, 211.13 W
2026/09/30 07:13:14.209, 27362 MiB, 92 %, 199.91 W
2026/09/30 07:13:15.212, 27362 MiB, 92 %, 209.88 W
2026/09/30 07:13:16.215, 27362 MiB, 94 %, 192.31 W
2026/09/30 07:13:17.218, 27362 MiB, 92 %, 208.51 W
2026/09/30 07:13:18.221, 27362 MiB, 91 %, 212.06 W
2026/09/30 07:13:19.224, 27362 MiB, 93 %, 190.06 W
2026/09/30 07:13:20.227, 27362 MiB, 93 %, 209.38 W
2026/09/30 07:13:21.230, 27362 MiB, 93 %, 203.06 W
2026/09/30 07:13:22.236, 27362 MiB, 93 %, 214.30 W
2026/09/30 07:13:23.239, 27362 MiB, 91 %, 207.46 W
2026/09/30 07:13:24.242, 27362 MiB, 93 %, 192.67 W
2026/09/30 07:13:25.245, 27362 MiB, 94 %, 210.09 W
2026/09/30 07:13:26.248, 27362 MiB, 92 %, 201.91 W
2026/09/30 07:13:27.251, 27362 MiB, 93 %, 189.52 W
2026/09/30 07:13:28.254, 27362 MiB, 93 %, 209.71 W
2026/09/30 07:13:29.256, 27362 MiB, 91 %, 197.59 W
2026/09/30 07:13:30.259, 27362 MiB, 17 %, 55.99 W
2026/09/30 07:13:31.262, 27362 MiB, 14 %, 52.20 W
2026/09/30 07:13:32.266, 27370 MiB, 100 %, 230.47 W
2026/09/30 07:13:33.270, 27370 MiB, 99 %, 250.06 W
2026/09/30 07:13:34.274, 27370 MiB, 100 %, 239.82 W
2026/09/30 07:13:35.278, 27370 MiB, 99 %, 235.62 W
2026/09/30 07:13:36.281, 27370 MiB, 100 %, 227.81 W
2026/09/30 07:13:37.284, 27370 MiB, 99 %, 227.69 W
2026/09/30 07:13:38.287, 27370 MiB, 100 %, 245.14 W
2026/09/30 07:13:39.290, 27370 MiB, 100 %, 244.03 W
2026/09/30 07:13:40.293, 27370 MiB, 100 %, 229.19 W
2026/09/30 07:13:41.297, 27370 MiB, 100 %, 228.35 W
2026/09/30 07:13:42.305, 27370 MiB, 100 %, 246.85 W
2026/09/30 07:13:43.316, 27388 MiB, 100 %, 243.14 W
2026/09/30 07:13:44.325, 27400 MiB, 100 %, 232.07 W
2026/09/30 07:13:45.329, 27412 MiB, 100 %, 234.93 W
2026/09/30 07:13:46.332, 27436 MiB, 100 %, 197.05 W
2026/09/30 07:13:47.335, 27448 MiB, 99 %, 241.26 W
2026/09/30 07:13:48.339, 27460 MiB, 100 %, 230.43 W
2026/09/30 07:13:49.345, 27472 MiB, 100 %, 249.90 W
2026/09/30 07:13:50.351, 27484 MiB, 100 %, 230.04 W
2026/09/30 07:13:51.357, 27496 MiB, 100 %, 246.82 W
2026/09/30 07:13:52.360, 27520 MiB, 100 %, 252.70 W
2026/09/30 07:13:53.363, 27532 MiB, 99 %, 251.82 W
2026/09/30 07:13:54.370, 27544 MiB, 99 %, 243.00 W
2026/09/30 07:13:55.373, 27556 MiB, 100 %, 236.88 W
2026/09/30 07:13:56.378, 27568 MiB, 100 %, 238.57 W
2026/09/30 07:13:57.381, 27580 MiB, 100 %, 225.66 W
2026/09/30 07:13:58.384, 27592 MiB, 100 %, 236.91 W
2026/09/30 07:13:59.387, 27604 MiB, 100 %, 215.27 W
2026/09/30 07:14:00.394, 27616 MiB, 100 %, 211.77 W
2026/09/30 07:14:01.398, 27628 MiB, 100 %, 250.28 W
2026/09/30 07:14:02.403, 27640 MiB, 100 %, 236.63 W
2026/09/30 07:14:03.408, 27652 MiB, 100 %, 221.11 W
2026/09/30 07:14:04.411, 27664 MiB, 100 %, 207.76 W
2026/09/30 07:14:05.414, 27676 MiB, 100 %, 252.66 W
2026/09/30 07:14:06.423, 27688 MiB, 100 %, 238.00 W
2026/09/30 07:14:07.429, 27700 MiB, 100 %, 221.99 W
2026/09/30 07:14:08.436, 27712 MiB, 100 %, 215.50 W
2026/09/30 07:14:09.439, 27724 MiB, 100 %, 221.02 W
2026/09/30 07:14:10.443, 27736 MiB, 100 %, 222.13 W
2026/09/30 07:14:11.446, 27748 MiB, 100 %, 226.99 W
2026/09/30 07:14:12.449, 27760 MiB, 100 %, 218.25 W
2026/09/30 07:14:13.459, 27772 MiB, 100 %, 223.76 W
2026/09/30 07:14:14.462, 27772 MiB, 100 %, 251.24 W
2026/09/30 07:14:15.465, 27784 MiB, 100 %, 207.81 W
2026/09/30 07:14:16.468, 27796 MiB, 100 %, 239.67 W
2026/09/30 07:14:17.471, 27808 MiB, 100 %, 249.23 W
2026/09/30 07:14:18.477, 27820 MiB, 100 %, 258.48 W
2026/09/30 07:14:19.480, 27832 MiB, 100 %, 231.06 W
2026/09/30 07:14:20.483, 27832 MiB, 100 %, 238.21 W
2026/09/30 07:14:21.486, 27844 MiB, 100 %, 238.44 W
2026/09/30 07:14:22.489, 27856 MiB, 100 %, 200.01 W
2026/09/30 07:14:23.493, 27868 MiB, 100 %, 253.90 W
2026/09/30 07:14:24.496, 27880 MiB, 99 %, 207.93 W
2026/09/30 07:14:25.499, 27880 MiB, 100 %, 256.45 W
2026/09/30 07:14:26.502, 27892 MiB, 100 %, 223.51 W
2026/09/30 07:14:27.508, 27904 MiB, 100 %, 208.12 W
2026/09/30 07:14:28.511, 27904 MiB, 100 %, 219.58 W
2026/09/30 07:14:29.514, 27928 MiB, 83 %, 256.94 W
2026/09/30 07:14:30.517, 27928 MiB, 100 %, 254.91 W
2026/09/30 07:14:31.528, 27928 MiB, 97 %, 166.96 W
2026/09/30 07:14:32.531, 27928 MiB, 97 %, 205.92 W
2026/09/30 07:14:33.536, 27928 MiB, 0 %, 54.63 W
2026/09/30 07:14:34.539, 27928 MiB, 0 %, 54.04 W
2026/09/30 07:14:35.542, 27928 MiB, 44 %, 138.75 W
2026/09/30 07:14:36.545, 27928 MiB, 100 %, 237.81 W
2026/09/30 07:14:37.548, 27928 MiB, 100 %, 230.82 W
2026/09/30 07:14:38.551, 27928 MiB, 100 %, 244.04 W
2026/09/30 07:14:39.554, 27928 MiB, 100 %, 247.34 W
2026/09/30 07:14:40.557, 27928 MiB, 99 %, 250.37 W
2026/09/30 07:14:41.560, 27928 MiB, 100 %, 239.69 W
2026/09/30 07:14:42.563, 27928 MiB, 100 %, 266.87 W
2026/09/30 07:14:43.566, 27928 MiB, 100 %, 186.00 W
2026/09/30 07:14:44.569, 27928 MiB, 100 %, 243.05 W
2026/09/30 07:14:45.573, 27928 MiB, 12 %, 111.99 W
2026/09/30 07:14:46.576, 27928 MiB, 99 %, 210.55 W
2026/09/30 07:14:47.579, 27928 MiB, 31 %, 222.26 W
2026/09/30 07:14:48.582, 27928 MiB, 100 %, 224.98 W
2026/09/30 07:14:49.585, 27928 MiB, 100 %, 257.45 W
2026/09/30 07:14:50.588, 27928 MiB, 100 %, 223.38 W
2026/09/30 07:14:51.591, 27928 MiB, 100 %, 226.97 W
2026/09/30 07:14:52.594, 27928 MiB, 92 %, 199.07 W
2026/09/30 07:14:53.597, 27928 MiB, 93 %, 168.58 W
2026/09/30 07:14:54.600, 27928 MiB, 92 %, 184.94 W
2026/09/30 07:14:55.604, 27928 MiB, 94 %, 208.59 W
2026/09/30 07:14:56.607, 27928 MiB, 93 %, 185.94 W
2026/09/30 07:14:57.610, 27928 MiB, 94 %, 210.42 W
2026/09/30 07:14:58.613, 27928 MiB, 94 %, 203.64 W
2026/09/30 07:14:59.616, 27928 MiB, 92 %, 190.56 W
2026/09/30 07:15:00.619, 27928 MiB, 94 %, 205.24 W
2026/09/30 07:15:01.622, 27928 MiB, 92 %, 171.63 W
2026/09/30 07:15:02.625, 27928 MiB, 93 %, 204.79 W
2026/09/30 07:15:03.628, 27928 MiB, 93 %, 188.96 W
2026/09/30 07:15:04.631, 27928 MiB, 93 %, 203.04 W
2026/09/30 07:15:05.636, 27928 MiB, 100 %, 57.55 W
2026/09/30 07:15:06.642, 27928 MiB, 90 %, 252.41 W
2026/09/30 07:15:07.645, 27928 MiB, 85 %, 201.29 W
2026/09/30 07:15:08.649, 27928 MiB, 93 %, 208.91 W
2026/09/30 07:15:09.652, 27928 MiB, 93 %, 182.69 W
2026/09/30 07:15:10.655, 27928 MiB, 93 %, 205.77 W
2026/09/30 07:15:11.658, 27928 MiB, 93 %, 207.67 W
2026/09/30 07:15:12.661, 27928 MiB, 93 %, 183.18 W
2026/09/30 07:15:13.664, 27928 MiB, 93 %, 205.25 W
2026/09/30 07:15:14.667, 27928 MiB, 93 %, 211.25 W
2026/09/30 07:15:15.670, 27928 MiB, 100 %, 204.63 W
2026/09/30 07:15:16.673, 27928 MiB, 53 %, 57.64 W
2026/09/30 07:15:17.677, 27928 MiB, 16 %, 187.10 W
2026/09/30 07:15:18.680, 27928 MiB, 33 %, 54.04 W
2026/09/30 07:15:19.683, 27928 MiB, 99 %, 248.76 W
2026/09/30 07:15:20.686, 27928 MiB, 100 %, 233.20 W
2026/09/30 07:15:21.692, 27928 MiB, 96 %, 232.77 W
2026/09/30 07:15:22.695, 27928 MiB, 100 %, 230.43 W
2026/09/30 07:15:23.698, 27928 MiB, 100 %, 227.98 W
2026/09/30 07:15:24.702, 27928 MiB, 39 %, 188.98 W
2026/09/30 07:15:25.705, 27928 MiB, 50 %, 103.31 W
2026/09/30 07:15:26.708, 27928 MiB, 92 %, 194.18 W
2026/09/30 07:15:27.711, 27928 MiB, 93 %, 212.42 W
2026/09/30 07:15:28.714, 27928 MiB, 92 %, 194.65 W
2026/09/30 07:15:29.717, 27928 MiB, 94 %, 190.17 W
2026/09/30 07:15:30.720, 27928 MiB, 93 %, 202.47 W
2026/09/30 07:15:31.723, 27928 MiB, 93 %, 215.55 W
2026/09/30 07:15:32.726, 27928 MiB, 93 %, 210.16 W
2026/09/30 07:15:33.729, 27928 MiB, 93 %, 211.60 W
2026/09/30 07:15:34.732, 27928 MiB, 94 %, 212.76 W
2026/09/30 07:15:35.735, 27928 MiB, 100 %, 234.81 W
2026/09/30 07:15:36.738, 27928 MiB, 100 %, 55.51 W
2026/09/30 07:15:37.741, 27928 MiB, 96 %, 54.05 W
2026/09/30 07:15:38.745, 27928 MiB, 93 %, 205.67 W
2026/09/30 07:15:39.748, 27928 MiB, 93 %, 211.89 W
2026/09/30 07:15:40.751, 27928 MiB, 100 %, 236.91 W
2026/09/30 07:15:41.754, 27928 MiB, 57 %, 196.64 W
2026/09/30 07:15:42.757, 27928 MiB, 20 %, 195.72 W
2026/09/30 07:15:43.760, 27928 MiB, 93 %, 186.06 W
2026/09/30 07:15:44.763, 27928 MiB, 93 %, 189.77 W
2026/09/30 07:15:45.766, 27928 MiB, 93 %, 205.73 W
2026/09/30 07:15:46.769, 27928 MiB, 94 %, 211.03 W
2026/09/30 07:15:47.772, 27928 MiB, 91 %, 215.16 W
2026/09/30 07:15:48.775, 27928 MiB, 91 %, 208.04 W
2026/09/30 07:15:49.778, 27928 MiB, 89 %, 165.27 W
2026/09/30 07:15:50.781, 27928 MiB, 90 %, 208.82 W
2026/09/30 07:15:51.784, 27928 MiB, 90 %, 189.90 W
2026/09/30 07:15:52.787, 27928 MiB, 100 %, 247.97 W
2026/09/30 07:15:53.790, 27928 MiB, 100 %, 57.44 W
2026/09/30 07:15:54.793, 27928 MiB, 62 %, 55.51 W
2026/09/30 07:15:55.796, 27928 MiB, 41 %, 167.44 W
2026/09/30 07:15:56.799, 27928 MiB, 99 %, 249.44 W
2026/09/30 07:15:57.804, 27928 MiB, 86 %, 198.01 W
2026/09/30 07:15:58.809, 27928 MiB, 93 %, 150.38 W
2026/09/30 07:15:59.813, 27928 MiB, 100 %, 240.47 W
2026/09/30 07:16:00.816, 27928 MiB, 100 %, 56.48 W
2026/09/30 07:16:01.819, 27928 MiB, 66 %, 55.70 W
2026/09/30 07:16:02.822, 27928 MiB, 92 %, 194.44 W
2026/09/30 07:16:03.825, 27928 MiB, 93 %, 191.15 W
2026/09/30 07:16:04.828, 27928 MiB, 94 %, 195.53 W
2026/09/30 07:16:05.832, 27928 MiB, 94 %, 200.23 W
2026/09/30 07:16:06.835, 27928 MiB, 93 %, 196.46 W
2026/09/30 07:16:07.838, 27928 MiB, 81 %, 239.64 W
2026/09/30 07:16:08.841, 27928 MiB, 100 %, 241.51 W
2026/09/30 07:16:09.844, 27928 MiB, 100 %, 231.97 W
2026/09/30 07:16:10.848, 27928 MiB, 93 %, 209.27 W
2026/09/30 07:16:11.853, 27928 MiB, 93 %, 204.72 W
2026/09/30 07:16:12.856, 27928 MiB, 94 %, 204.77 W
2026/09/30 07:16:13.861, 27928 MiB, 93 %, 209.33 W
2026/09/30 07:16:14.864, 27928 MiB, 93 %, 202.03 W
2026/09/30 07:16:15.867, 27928 MiB, 94 %, 198.30 W
2026/09/30 07:16:16.870, 27928 MiB, 81 %, 216.62 W
2026/09/30 07:16:17.874, 27928 MiB, 99 %, 229.32 W
2026/09/30 07:16:18.877, 27928 MiB, 100 %, 218.46 W
2026/09/30 07:16:19.880, 27928 MiB, 100 %, 242.29 W
2026/09/30 07:16:20.886, 27928 MiB, 94 %, 204.70 W
2026/09/30 07:16:21.889, 27928 MiB, 94 %, 209.40 W
2026/09/30 07:16:22.892, 27928 MiB, 41 %, 55.90 W
2026/09/30 07:16:23.896, 27928 MiB, 84 %, 235.50 W
2026/09/30 07:16:24.901, 27928 MiB, 86 %, 204.88 W
2026/09/30 07:16:25.904, 27928 MiB, 94 %, 218.58 W
2026/09/30 07:16:26.907, 27928 MiB, 94 %, 194.86 W
2026/09/30 07:16:27.911, 27928 MiB, 95 %, 208.39 W
2026/09/30 07:16:28.919, 27928 MiB, 94 %, 211.23 W
2026/09/30 07:16:29.922, 27928 MiB, 94 %, 213.09 W
2026/09/30 07:16:30.926, 27928 MiB, 94 %, 214.20 W
2026/09/30 07:16:31.929, 27928 MiB, 100 %, 54.14 W
2026/09/30 07:16:32.934, 27928 MiB, 24 %, 259.97 W
2026/09/30 07:16:33.940, 27928 MiB, 55 %, 175.34 W
2026/09/30 07:16:34.943, 27928 MiB, 94 %, 210.74 W
2026/09/30 07:16:35.948, 27928 MiB, 94 %, 213.74 W
2026/09/30 07:16:36.952, 27928 MiB, 93 %, 208.53 W
2026/09/30 07:16:37.955, 27928 MiB, 94 %, 211.70 W
2026/09/30 07:16:38.958, 27928 MiB, 94 %, 214.40 W
2026/09/30 07:16:39.961, 27928 MiB, 95 %, 215.36 W
2026/09/30 07:16:40.964, 27928 MiB, 94 %, 191.76 W
2026/09/30 07:16:41.967, 27928 MiB, 46 %, 57.06 W
2026/09/30 07:16:42.970, 27928 MiB, 95 %, 55.22 W
2026/09/30 07:16:43.973, 27928 MiB, 36 %, 238.23 W
2026/09/30 07:16:44.982, 27928 MiB, 61 %, 209.57 W
2026/09/30 07:16:45.985, 27928 MiB, 94 %, 213.04 W
2026/09/30 07:16:46.988, 27928 MiB, 94 %, 216.32 W
2026/09/30 07:16:47.991, 27928 MiB, 94 %, 189.22 W
2026/09/30 07:16:48.994, 27928 MiB, 88 %, 168.60 W
2026/09/30 07:16:49.997, 27928 MiB, 88 %, 183.49 W
2026/09/30 07:16:51.000, 27928 MiB, 89 %, 197.46 W
2026/09/30 07:16:52.003, 27928 MiB, 88 %, 193.86 W
2026/09/30 07:16:53.006, 27928 MiB, 88 %, 198.42 W
2026/09/30 07:16:54.009, 27928 MiB, 88 %, 200.99 W
2026/09/30 07:16:55.013, 27928 MiB, 0 %, 53.85 W
2026/09/30 07:16:56.016, 27928 MiB, 72 %, 229.46 W
2026/09/30 07:16:57.019, 27928 MiB, 70 %, 255.52 W
2026/09/30 07:16:58.022, 27928 MiB, 100 %, 242.21 W
2026/09/30 07:16:59.025, 27928 MiB, 88 %, 200.70 W
2026/09/30 07:17:00.028, 27928 MiB, 88 %, 205.58 W
2026/09/30 07:17:01.031, 27928 MiB, 88 %, 205.65 W
2026/09/30 07:17:02.034, 27928 MiB, 88 %, 205.83 W
2026/09/30 07:17:03.037, 27928 MiB, 88 %, 207.71 W
2026/09/30 07:17:04.040, 27928 MiB, 88 %, 207.54 W
2026/09/30 07:17:05.044, 27928 MiB, 89 %, 207.87 W
2026/09/30 07:17:06.049, 27928 MiB, 84 %, 258.82 W
2026/09/30 07:17:07.056, 27928 MiB, 13 %, 244.52 W
2026/09/30 07:17:08.060, 27928 MiB, 99 %, 244.56 W
2026/09/30 07:17:09.064, 27928 MiB, 87 %, 183.58 W
2026/09/30 07:17:10.067, 27928 MiB, 88 %, 176.01 W
2026/09/30 07:17:11.070, 27928 MiB, 88 %, 195.98 W
2026/09/30 07:17:12.073, 27928 MiB, 88 %, 207.14 W
2026/09/30 07:17:13.076, 27928 MiB, 89 %, 205.99 W
2026/09/30 07:17:14.079, 27928 MiB, 88 %, 212.65 W
2026/09/30 07:17:15.082, 27928 MiB, 89 %, 209.10 W
2026/09/30 07:17:16.086, 27928 MiB, 86 %, 196.68 W
2026/09/30 07:17:17.089, 27928 MiB, 88 %, 161.72 W
2026/09/30 07:17:18.092, 27928 MiB, 88 %, 208.40 W
2026/09/30 07:17:19.095, 27928 MiB, 100 %, 54.53 W
2026/09/30 07:17:20.098, 27928 MiB, 100 %, 185.10 W
2026/09/30 07:17:21.102, 27928 MiB, 100 %, 223.74 W
2026/09/30 07:17:22.106, 27928 MiB, 87 %, 199.99 W
2026/09/30 07:17:23.109, 27928 MiB, 88 %, 206.14 W
2026/09/30 07:17:24.112, 27928 MiB, 88 %, 203.42 W
2026/09/30 07:17:25.115, 27928 MiB, 88 %, 188.54 W
2026/09/30 07:17:26.118, 27928 MiB, 86 %, 207.81 W
2026/09/30 07:17:27.121, 27928 MiB, 85 %, 197.39 W
2026/09/30 07:17:28.124, 27928 MiB, 88 %, 209.94 W
2026/09/30 07:17:29.127, 27928 MiB, 88 %, 210.47 W
2026/09/30 07:17:30.130, 27928 MiB, 89 %, 169.68 W
2026/09/30 07:17:31.133, 27928 MiB, 87 %, 205.69 W
2026/09/30 07:17:32.136, 27928 MiB, 90 %, 235.72 W
2026/09/30 07:17:33.139, 27928 MiB, 76 %, 248.99 W
2026/09/30 07:17:34.144, 27928 MiB, 100 %, 210.39 W
2026/09/30 07:17:35.148, 27928 MiB, 100 %, 228.47 W
2026/09/30 07:17:36.153, 27928 MiB, 88 %, 191.06 W
2026/09/30 07:17:37.156, 27928 MiB, 86 %, 210.12 W
2026/09/30 07:17:38.160, 27928 MiB, 88 %, 209.03 W
2026/09/30 07:17:39.163, 27928 MiB, 88 %, 201.30 W
2026/09/30 07:17:40.166, 27928 MiB, 89 %, 208.29 W
2026/09/30 07:17:41.169, 27928 MiB, 88 %, 185.22 W
2026/09/30 07:17:42.172, 27928 MiB, 85 %, 213.59 W
2026/09/30 07:17:43.175, 27928 MiB, 86 %, 246.14 W
2026/09/30 07:17:44.178, 27928 MiB, 53 %, 252.95 W
2026/09/30 07:17:45.181, 27928 MiB, 100 %, 207.09 W
2026/09/30 07:17:46.184, 27928 MiB, 100 %, 221.36 W
2026/09/30 07:17:47.187, 27928 MiB, 88 %, 206.05 W
2026/09/30 07:17:48.190, 27928 MiB, 88 %, 172.26 W
2026/09/30 07:17:49.193, 27928 MiB, 87 %, 203.31 W
2026/09/30 07:17:50.197, 27928 MiB, 88 %, 214.22 W
2026/09/30 07:17:51.200, 27928 MiB, 88 %, 208.93 W
2026/09/30 07:17:52.205, 27928 MiB, 88 %, 166.81 W
2026/09/30 07:17:53.208, 27928 MiB, 87 %, 195.81 W
2026/09/30 07:17:54.211, 27928 MiB, 92 %, 218.92 W
2026/09/30 07:17:55.215, 27928 MiB, 96 %, 216.64 W
2026/09/30 07:17:56.218, 27928 MiB, 95 %, 230.00 W
2026/09/30 07:17:57.221, 27928 MiB, 95 %, 221.45 W
2026/09/30 07:17:58.224, 27928 MiB, 95 %, 221.45 W
2026/09/30 07:17:59.227, 27928 MiB, 96 %, 213.51 W
2026/09/30 07:18:00.230, 27928 MiB, 95 %, 208.96 W
2026/09/30 07:18:01.233, 27928 MiB, 97 %, 209.12 W
2026/09/30 07:18:02.236, 27928 MiB, 96 %, 212.65 W
2026/09/30 07:18:03.239, 27928 MiB, 96 %, 212.79 W
2026/09/30 07:18:04.242, 27928 MiB, 0 %, 57.84 W
2026/09/30 07:18:05.245, 27928 MiB, 0 %, 53.56 W
2026/09/30 07:18:06.248, 27928 MiB, 0 %, 53.09 W
2026/09/30 07:18:07.251, 27928 MiB, 0 %, 46.09 W
2026/09/30 07:18:08.254, 27928 MiB, 0 %, 45.81 W
2026/09/30 07:18:09.257, 27928 MiB, 0 %, 45.60 W
2026/09/30 07:18:10.261, 27928 MiB, 0 %, 45.41 W
2026/09/30 07:18:11.264, 27928 MiB, 0 %, 45.21 W
2026/09/30 07:18:12.267, 27928 MiB, 0 %, 45.02 W
2026/09/30 07:18:13.270, 27928 MiB, 31 %, 44.83 W
2026/09/30 07:18:14.273, 27928 MiB, 0 %, 44.63 W
2026/09/30 07:18:15.276, 27928 MiB, 0 %, 47.16 W
2026/09/30 07:18:16.279, 27928 MiB, 34 %, 102.02 W
2026/09/30 07:18:17.282, 27928 MiB, 99 %, 256.66 W
2026/09/30 07:18:18.285, 27928 MiB, 100 %, 238.97 W
2026/09/30 07:18:19.288, 27928 MiB, 99 %, 232.24 W
2026/09/30 07:18:20.291, 27928 MiB, 100 %, 248.62 W
2026/09/30 07:18:21.294, 27928 MiB, 99 %, 251.80 W
2026/09/30 07:18:22.299, 27928 MiB, 100 %, 227.05 W
2026/09/30 07:18:23.305, 27928 MiB, 100 %, 251.63 W
2026/09/30 07:18:24.308, 27928 MiB, 94 %, 247.23 W
2026/09/30 07:18:25.311, 27928 MiB, 46 %, 72.01 W
2026/09/30 07:18:26.314, 27928 MiB, 99 %, 224.83 W
2026/09/30 07:18:27.317, 27928 MiB, 100 %, 218.05 W
2026/09/30 07:18:28.322, 27928 MiB, 100 %, 240.95 W
2026/09/30 07:18:29.325, 27928 MiB, 100 %, 235.04 W
2026/09/30 07:18:30.328, 27928 MiB, 100 %, 250.07 W
2026/09/30 07:18:31.332, 27928 MiB, 100 %, 234.55 W
2026/09/30 07:18:32.338, 27928 MiB, 100 %, 236.08 W
2026/09/30 07:18:33.343, 27928 MiB, 100 %, 232.48 W
2026/09/30 07:18:34.346, 27928 MiB, 99 %, 231.81 W
2026/09/30 07:18:35.349, 27928 MiB, 100 %, 244.46 W
2026/09/30 07:18:36.352, 27928 MiB, 100 %, 237.58 W
2026/09/30 07:18:37.356, 27928 MiB, 100 %, 242.24 W
2026/09/30 07:18:38.359, 27928 MiB, 100 %, 232.11 W
2026/09/30 07:18:39.362, 27928 MiB, 84 %, 59.78 W
2026/09/30 07:18:40.365, 27928 MiB, 100 %, 186.59 W
2026/09/30 07:18:41.368, 27928 MiB, 100 %, 236.67 W
2026/09/30 07:18:42.372, 27928 MiB, 99 %, 220.29 W
2026/09/30 07:18:43.375, 27928 MiB, 99 %, 238.06 W
2026/09/30 07:18:44.379, 27928 MiB, 100 %, 244.10 W
2026/09/30 07:18:45.386, 27928 MiB, 100 %, 208.26 W
2026/09/30 07:18:46.389, 27928 MiB, 100 %, 263.51 W
2026/09/30 07:18:47.392, 27928 MiB, 100 %, 238.67 W
2026/09/30 07:18:48.409, 27928 MiB, 100 %, 222.72 W
2026/09/30 07:18:49.416, 27928 MiB, 100 %, 226.90 W
2026/09/30 07:18:50.419, 27928 MiB, 100 %, 214.33 W
2026/09/30 07:18:51.422, 27928 MiB, 100 %, 227.14 W
2026/09/30 07:18:52.425, 27928 MiB, 68 %, 57.44 W
2026/09/30 07:18:53.428, 27928 MiB, 100 %, 226.87 W
2026/09/30 07:18:54.433, 27928 MiB, 100 %, 243.49 W
2026/09/30 07:18:55.436, 27928 MiB, 100 %, 213.69 W
2026/09/30 07:18:56.439, 27928 MiB, 100 %, 238.00 W
2026/09/30 07:18:57.442, 27928 MiB, 100 %, 236.74 W
2026/09/30 07:18:58.445, 27928 MiB, 100 %, 245.15 W
2026/09/30 07:18:59.449, 27928 MiB, 100 %, 211.06 W
2026/09/30 07:19:00.452, 27928 MiB, 100 %, 211.72 W
2026/09/30 07:19:01.455, 27928 MiB, 100 %, 251.31 W
2026/09/30 07:19:02.458, 27928 MiB, 99 %, 212.16 W
2026/09/30 07:19:03.465, 27928 MiB, 100 %, 217.96 W
2026/09/30 07:19:04.468, 27928 MiB, 93 %, 236.36 W
2026/09/30 07:19:05.471, 27928 MiB, 100 %, 240.27 W
2026/09/30 07:19:06.474, 27928 MiB, 29 %, 151.93 W
2026/09/30 07:19:07.477, 27928 MiB, 100 %, 208.01 W
2026/09/30 07:19:08.485, 27928 MiB, 100 %, 204.67 W
2026/09/30 07:19:09.488, 27928 MiB, 100 %, 267.69 W
2026/09/30 07:19:10.492, 27928 MiB, 100 %, 215.26 W
2026/09/30 07:19:11.496, 27928 MiB, 100 %, 212.76 W
2026/09/30 07:19:12.499, 27928 MiB, 100 %, 242.75 W
2026/09/30 07:19:13.505, 27928 MiB, 100 %, 208.47 W
2026/09/30 07:19:14.508, 27928 MiB, 100 %, 254.92 W
2026/09/30 07:19:15.515, 27928 MiB, 100 %, 196.82 W
2026/09/30 07:19:16.519, 27928 MiB, 100 %, 218.59 W
2026/09/30 07:19:17.524, 27928 MiB, 100 %, 253.86 W
2026/09/30 07:19:18.527, 27928 MiB, 100 %, 217.52 W
2026/09/30 07:19:19.530, 27934 MiB, 100 %, 267.49 W
2026/09/30 07:19:20.535, 27934 MiB, 74 %, 197.42 W
2026/09/30 07:19:21.538, 27946 MiB, 48 %, 208.19 W
2026/09/30 07:19:22.541, 27946 MiB, 100 %, 212.42 W
2026/09/30 07:19:23.545, 27958 MiB, 100 %, 186.78 W
2026/09/30 07:19:24.548, 27970 MiB, 100 %, 255.83 W
2026/09/30 07:19:25.551, 27982 MiB, 100 %, 214.80 W
2026/09/30 07:19:26.555, 27982 MiB, 100 %, 209.95 W
2026/09/30 07:19:27.558, 27994 MiB, 100 %, 236.79 W
2026/09/30 07:19:28.561, 28006 MiB, 100 %, 192.29 W
2026/09/30 07:19:29.565, 28006 MiB, 100 %, 224.09 W
2026/09/30 07:19:30.568, 28018 MiB, 100 %, 249.03 W
2026/09/30 07:19:31.577, 28030 MiB, 100 %, 212.53 W
2026/09/30 07:19:32.582, 28030 MiB, 99 %, 185.78 W
2026/09/30 07:19:33.603, 28042 MiB, 100 %, 214.95 W
2026/09/30 07:19:34.608, 28054 MiB, 100 %, 204.07 W
2026/09/30 07:19:35.615, 28054 MiB, 99 %, 198.97 W
2026/09/30 07:19:36.624, 28072 MiB, 70 %, 171.39 W
2026/09/30 07:19:37.627, 28072 MiB, 100 %, 221.26 W
2026/09/30 07:19:38.639, 28072 MiB, 96 %, 207.58 W
2026/09/30 07:19:39.642, 28084 MiB, 100 %, 183.19 W
2026/09/30 07:19:40.645, 28084 MiB, 100 %, 176.05 W
2026/09/30 07:19:41.649, 28096 MiB, 100 %, 237.39 W
2026/09/30 07:19:42.654, 28108 MiB, 100 %, 239.21 W
2026/09/30 07:19:43.657, 28108 MiB, 100 %, 198.56 W
2026/09/30 07:19:44.665, 28120 MiB, 100 %, 248.80 W
2026/09/30 07:19:45.669, 28132 MiB, 100 %, 208.21 W
2026/09/30 07:19:46.672, 28132 MiB, 100 %, 253.70 W
2026/09/30 07:19:47.678, 28144 MiB, 100 %, 189.39 W
2026/09/30 07:19:48.681, 28156 MiB, 98 %, 233.79 W
2026/09/30 07:19:49.684, 28156 MiB, 100 %, 180.49 W
2026/09/30 07:19:50.687, 28168 MiB, 100 %, 197.84 W
2026/09/30 07:19:51.690, 28180 MiB, 99 %, 212.62 W
2026/09/30 07:19:52.693, 28180 MiB, 100 %, 226.34 W
2026/09/30 07:19:53.696, 28180 MiB, 100 %, 229.63 W
2026/09/30 07:19:54.699, 28198 MiB, 100 %, 239.28 W
2026/09/30 07:19:55.702, 28198 MiB, 100 %, 224.04 W
2026/09/30 07:19:56.705, 28198 MiB, 85 %, 53.27 W
2026/09/30 07:19:57.708, 28210 MiB, 100 %, 205.85 W
2026/09/30 07:19:58.711, 28210 MiB, 100 %, 210.75 W
2026/09/30 07:19:59.714, 28222 MiB, 100 %, 193.57 W
2026/09/30 07:20:00.717, 28234 MiB, 99 %, 210.82 W
2026/09/30 07:20:01.725, 28234 MiB, 100 %, 238.17 W
2026/09/30 07:20:02.729, 28246 MiB, 100 %, 268.55 W
2026/09/30 07:20:03.732, 28258 MiB, 100 %, 235.38 W
2026/09/30 07:20:04.738, 28258 MiB, 100 %, 225.85 W
2026/09/30 07:20:05.743, 28270 MiB, 100 %, 207.97 W
2026/09/30 07:20:06.749, 28270 MiB, 100 %, 269.51 W
2026/09/30 07:20:07.754, 28282 MiB, 100 %, 207.59 W
2026/09/30 07:20:08.758, 28294 MiB, 100 %, 256.61 W
2026/09/30 07:20:09.761, 28294 MiB, 100 %, 205.70 W
2026/09/30 07:20:10.764, 28306 MiB, 100 %, 194.22 W
2026/09/30 07:20:11.767, 28306 MiB, 100 %, 218.58 W
2026/09/30 07:20:12.770, 28318 MiB, 100 %, 255.91 W
2026/09/30 07:20:13.773, 28318 MiB, 100 %, 181.61 W
2026/09/30 07:20:14.776, 28318 MiB, 100 %, 233.26 W
2026/09/30 07:20:15.779, 28342 MiB, 100 %, 212.84 W
2026/09/30 07:20:16.790, 28342 MiB, 100 %, 185.83 W
2026/09/30 07:20:17.793, 28342 MiB, 34 %, 44.52 W
2026/09/30 07:20:18.799, 28354 MiB, 100 %, 195.66 W
2026/09/30 07:20:19.803, 28354 MiB, 100 %, 191.60 W
2026/09/30 07:20:20.806, 28366 MiB, 100 %, 180.33 W
2026/09/30 07:20:21.809, 28378 MiB, 98 %, 190.19 W
2026/09/30 07:20:22.812, 28378 MiB, 100 %, 196.24 W
2026/09/30 07:20:23.818, 28390 MiB, 100 %, 179.32 W
2026/09/30 07:20:24.823, 28390 MiB, 100 %, 180.35 W
2026/09/30 07:20:25.827, 28402 MiB, 100 %, 231.20 W
2026/09/30 07:20:26.831, 28402 MiB, 100 %, 255.69 W
2026/09/30 07:20:27.833, 28414 MiB, 100 %, 206.29 W
2026/09/30 07:20:28.837, 28414 MiB, 100 %, 192.74 W
2026/09/30 07:20:29.841, 28426 MiB, 100 %, 167.71 W
2026/09/30 07:20:30.847, 28438 MiB, 100 %, 224.62 W
2026/09/30 07:20:31.858, 28438 MiB, 100 %, 230.04 W
2026/09/30 07:20:32.863, 28450 MiB, 99 %, 178.25 W
2026/09/30 07:20:33.866, 28450 MiB, 100 %, 222.84 W
2026/09/30 07:20:34.869, 28462 MiB, 100 %, 170.53 W
2026/09/30 07:20:35.874, 28462 MiB, 100 %, 252.07 W
2026/09/30 07:20:36.878, 28462 MiB, 100 %, 179.22 W
2026/09/30 07:20:37.888, 28462 MiB, 100 %, 258.18 W
2026/09/30 07:20:38.892, 28486 MiB, 100 %, 251.54 W
2026/09/30 07:20:39.895, 28486 MiB, 100 %, 182.25 W
2026/09/30 07:20:40.898, 28486 MiB, 97 %, 199.00 W
2026/09/30 07:20:41.903, 28498 MiB, 70 %, 251.82 W
2026/09/30 07:20:42.906, 28498 MiB, 100 %, 170.90 W
2026/09/30 07:20:43.909, 28510 MiB, 99 %, 184.03 W
2026/09/30 07:20:44.914, 28510 MiB, 100 %, 232.48 W
2026/09/30 07:20:45.921, 28522 MiB, 100 %, 252.68 W
2026/09/30 07:20:46.924, 28522 MiB, 100 %, 243.03 W
2026/09/30 07:20:47.928, 28534 MiB, 100 %, 228.06 W
2026/09/30 07:20:48.931, 28534 MiB, 100 %, 173.45 W
2026/09/30 07:20:49.936, 28546 MiB, 100 %, 192.92 W
2026/09/30 07:20:50.954, 28546 MiB, 100 %, 253.17 W
2026/09/30 07:20:51.957, 28558 MiB, 100 %, 254.33 W
2026/09/30 07:20:52.962, 28558 MiB, 100 %, 260.78 W
2026/09/30 07:20:53.967, 28570 MiB, 100 %, 250.70 W
2026/09/30 07:20:54.970, 28570 MiB, 100 %, 261.64 W
2026/09/30 07:20:55.973, 28582 MiB, 100 %, 247.47 W
2026/09/30 07:20:56.986, 28582 MiB, 100 %, 237.03 W
2026/09/30 07:20:58.002, 28594 MiB, 100 %, 179.11 W
2026/09/30 07:20:59.005, 28594 MiB, 100 %, 164.05 W
2026/09/30 07:21:00.009, 28594 MiB, 100 %, 213.50 W
2026/09/30 07:21:01.015, 28612 MiB, 71 %, 229.91 W
2026/09/30 07:21:02.018, 28612 MiB, 100 %, 182.83 W
2026/09/30 07:21:03.021, 28612 MiB, 85 %, 190.23 W
2026/09/30 07:21:04.029, 28612 MiB, 98 %, 48.85 W
2026/09/30 07:21:05.034, 28612 MiB, 0 %, 47.68 W
2026/09/30 07:21:06.043, 28612 MiB, 0 %, 47.10 W
2026/09/30 07:21:07.046, 28612 MiB, 0 %, 46.82 W
2026/09/30 07:21:08.049, 28612 MiB, 0 %, 46.32 W
2026/09/30 07:21:09.052, 28612 MiB, 28 %, 46.91 W
2026/09/30 07:21:10.056, 28612 MiB, 34 %, 53.43 W
2026/09/30 07:21:11.063, 28612 MiB, 0 %, 52.25 W
2026/09/30 07:21:12.066, 28612 MiB, 0 %, 52.63 W
2026/09/30 07:21:13.069, 28612 MiB, 0 %, 45.64 W
2026/09/30 07:21:14.072, 28612 MiB, 0 %, 45.35 W
2026/09/30 07:21:15.076, 28612 MiB, 0 %, 44.96 W
2026/09/30 07:21:16.079, 28612 MiB, 0 %, 44.86 W
2026/09/30 07:21:17.082, 28612 MiB, 14 %, 193.58 W
2026/09/30 07:21:18.087, 28612 MiB, 100 %, 248.66 W
2026/09/30 07:21:19.094, 28612 MiB, 99 %, 232.49 W
2026/09/30 07:21:20.099, 28612 MiB, 100 %, 242.25 W
2026/09/30 07:21:21.102, 28612 MiB, 99 %, 253.02 W
2026/09/30 07:21:22.108, 28612 MiB, 100 %, 250.37 W
2026/09/30 07:21:23.111, 28612 MiB, 100 %, 205.79 W
2026/09/30 07:21:24.115, 28612 MiB, 100 %, 226.71 W
2026/09/30 07:21:25.119, 28612 MiB, 100 %, 225.18 W
2026/09/30 07:21:26.129, 28612 MiB, 96 %, 197.31 W
2026/09/30 07:21:27.136, 28612 MiB, 100 %, 239.84 W
2026/09/30 07:21:28.143, 28612 MiB, 100 %, 242.36 W
2026/09/30 07:21:29.146, 28612 MiB, 99 %, 233.52 W
2026/09/30 07:21:30.152, 28612 MiB, 100 %, 238.22 W
2026/09/30 07:21:31.158, 28612 MiB, 100 %, 225.85 W
2026/09/30 07:21:32.171, 28612 MiB, 99 %, 257.91 W
2026/09/30 07:21:33.174, 28612 MiB, 100 %, 248.53 W
2026/09/30 07:21:34.178, 28612 MiB, 100 %, 239.15 W
2026/09/30 07:21:35.181, 28612 MiB, 100 %, 249.60 W
2026/09/30 07:21:36.186, 28612 MiB, 100 %, 248.56 W
2026/09/30 07:21:37.191, 28612 MiB, 100 %, 190.67 W
2026/09/30 07:21:38.195, 28612 MiB, 99 %, 245.60 W
2026/09/30 07:21:39.199, 28612 MiB, 100 %, 240.30 W
2026/09/30 07:21:40.207, 28612 MiB, 96 %, 205.90 W
2026/09/30 07:21:41.211, 28612 MiB, 96 %, 212.30 W
2026/09/30 07:21:42.215, 28612 MiB, 96 %, 212.67 W
2026/09/30 07:21:43.222, 28612 MiB, 43 %, 135.10 W
2026/09/30 07:21:44.225, 28612 MiB, 100 %, 244.00 W
2026/09/30 07:21:45.235, 28612 MiB, 100 %, 214.50 W
2026/09/30 07:21:46.239, 28612 MiB, 99 %, 223.04 W
2026/09/30 07:21:47.254, 28612 MiB, 99 %, 237.28 W
2026/09/30 07:21:48.265, 28612 MiB, 100 %, 229.24 W
2026/09/30 07:21:49.268, 28612 MiB, 100 %, 227.04 W
2026/09/30 07:21:50.275, 28612 MiB, 100 %, 226.54 W
2026/09/30 07:21:51.287, 28612 MiB, 99 %, 223.96 W
2026/09/30 07:21:52.291, 28612 MiB, 100 %, 236.79 W
2026/09/30 07:21:53.295, 28612 MiB, 100 %, 255.17 W
2026/09/30 07:21:54.298, 28612 MiB, 100 %, 206.86 W
2026/09/30 07:21:55.301, 28612 MiB, 100 %, 215.84 W
2026/09/30 07:21:56.312, 28612 MiB, 97 %, 206.14 W
2026/09/30 07:21:57.315, 28612 MiB, 97 %, 210.65 W
2026/09/30 07:21:58.318, 28612 MiB, 97 %, 211.13 W
2026/09/30 07:21:59.327, 28612 MiB, 99 %, 212.66 W
2026/09/30 07:22:00.333, 28612 MiB, 99 %, 216.47 W
2026/09/30 07:22:01.336, 28612 MiB, 99 %, 235.72 W
2026/09/30 07:22:02.339, 28612 MiB, 99 %, 225.27 W
2026/09/30 07:22:03.347, 28612 MiB, 99 %, 229.69 W
2026/09/30 07:22:04.351, 28612 MiB, 99 %, 231.82 W
2026/09/30 07:22:05.357, 28612 MiB, 100 %, 133.22 W
2026/09/30 07:22:06.366, 28612 MiB, 100 %, 228.39 W
2026/09/30 07:22:07.372, 28612 MiB, 100 %, 245.20 W
2026/09/30 07:22:08.375, 28612 MiB, 100 %, 220.08 W
2026/09/30 07:22:09.379, 28612 MiB, 100 %, 249.84 W
2026/09/30 07:22:10.388, 28612 MiB, 100 %, 228.53 W
2026/09/30 07:22:11.397, 28612 MiB, 100 %, 198.16 W
2026/09/30 07:22:12.403, 28612 MiB, 79 %, 201.25 W
2026/09/30 07:22:13.406, 28612 MiB, 97 %, 209.37 W
2026/09/30 07:22:14.409, 28612 MiB, 97 %, 212.78 W
2026/09/30 07:22:15.412, 28612 MiB, 97 %, 199.49 W
2026/09/30 07:22:16.415, 28612 MiB, 97 %, 199.51 W
2026/09/30 07:22:17.422, 28612 MiB, 100 %, 197.20 W
2026/09/30 07:22:18.427, 28612 MiB, 100 %, 202.58 W
2026/09/30 07:22:19.432, 28612 MiB, 98 %, 250.55 W
2026/09/30 07:22:20.443, 28612 MiB, 100 %, 252.20 W
2026/09/30 07:22:21.446, 28612 MiB, 100 %, 207.65 W
2026/09/30 07:22:22.450, 28612 MiB, 100 %, 202.66 W
2026/09/30 07:22:23.453, 28612 MiB, 99 %, 226.40 W
2026/09/30 07:22:24.456, 28612 MiB, 100 %, 195.54 W
2026/09/30 07:22:25.462, 28612 MiB, 100 %, 216.33 W
2026/09/30 07:22:26.471, 28612 MiB, 100 %, 215.64 W
2026/09/30 07:22:27.475, 28612 MiB, 100 %, 252.45 W
2026/09/30 07:22:28.481, 28612 MiB, 100 %, 226.29 W
2026/09/30 07:22:29.487, 28612 MiB, 78 %, 210.15 W
2026/09/30 07:22:30.493, 28612 MiB, 100 %, 207.40 W
2026/09/30 07:22:31.496, 28612 MiB, 97 %, 188.90 W
2026/09/30 07:22:32.505, 28612 MiB, 97 %, 156.26 W
2026/09/30 07:22:33.509, 28612 MiB, 98 %, 160.68 W
2026/09/30 07:22:34.514, 28612 MiB, 97 %, 158.59 W
2026/09/30 07:22:35.517, 28612 MiB, 94 %, 217.07 W
2026/09/30 07:22:36.523, 28612 MiB, 100 %, 274.42 W
2026/09/30 07:22:37.534, 28612 MiB, 100 %, 229.09 W
2026/09/30 07:22:38.539, 28612 MiB, 100 %, 207.13 W
2026/09/30 07:22:39.545, 28612 MiB, 100 %, 190.84 W
2026/09/30 07:22:40.551, 28612 MiB, 100 %, 229.66 W
2026/09/30 07:22:41.556, 28612 MiB, 100 %, 262.22 W
2026/09/30 07:22:42.559, 28612 MiB, 98 %, 217.46 W
2026/09/30 07:22:43.566, 28612 MiB, 100 %, 210.04 W
2026/09/30 07:22:44.580, 28612 MiB, 100 %, 235.77 W
2026/09/30 07:22:45.583, 28612 MiB, 100 %, 224.13 W
2026/09/30 07:22:46.587, 28612 MiB, 100 %, 206.81 W
2026/09/30 07:22:47.596, 28612 MiB, 100 %, 251.51 W
2026/09/30 07:22:48.599, 28612 MiB, 100 %, 274.37 W
2026/09/30 07:22:49.604, 28612 MiB, 99 %, 221.68 W
2026/09/30 07:22:50.613, 28612 MiB, 100 %, 61.66 W
2026/09/30 07:22:51.617, 28612 MiB, 100 %, 253.44 W
2026/09/30 07:22:52.622, 28612 MiB, 98 %, 212.01 W
2026/09/30 07:22:53.625, 28612 MiB, 98 %, 149.67 W
2026/09/30 07:22:54.631, 28612 MiB, 97 %, 151.67 W
2026/09/30 07:22:55.634, 28612 MiB, 98 %, 153.21 W
2026/09/30 07:22:56.637, 28612 MiB, 98 %, 152.97 W
2026/09/30 07:22:57.640, 28612 MiB, 84 %, 57.60 W
2026/09/30 07:22:58.643, 28612 MiB, 100 %, 243.18 W
2026/09/30 07:22:59.652, 28612 MiB, 100 %, 220.68 W
2026/09/30 07:23:00.655, 28612 MiB, 100 %, 190.73 W
2026/09/30 07:23:01.660, 28612 MiB, 100 %, 185.28 W
2026/09/30 07:23:02.668, 28612 MiB, 100 %, 232.13 W
2026/09/30 07:23:03.671, 28612 MiB, 100 %, 113.24 W
2026/09/30 07:23:04.674, 28612 MiB, 100 %, 248.93 W
2026/09/30 07:23:05.681, 28612 MiB, 100 %, 178.94 W
2026/09/30 07:23:06.684, 28612 MiB, 100 %, 235.32 W
2026/09/30 07:23:07.688, 28612 MiB, 100 %, 181.15 W
2026/09/30 07:23:08.692, 28612 MiB, 100 %, 209.80 W
2026/09/30 07:23:09.695, 28612 MiB, 100 %, 231.05 W
2026/09/30 07:23:10.699, 28612 MiB, 100 %, 236.04 W
2026/09/30 07:23:11.704, 28612 MiB, 100 %, 217.04 W
2026/09/30 07:23:12.708, 28612 MiB, 77 %, 261.39 W
2026/09/30 07:23:13.716, 28612 MiB, 100 %, 258.78 W
2026/09/30 07:23:14.719, 28612 MiB, 98 %, 216.76 W
2026/09/30 07:23:15.725, 28612 MiB, 98 %, 146.53 W
2026/09/30 07:23:16.728, 28612 MiB, 98 %, 144.01 W
2026/09/30 07:23:17.731, 28612 MiB, 98 %, 145.32 W
2026/09/30 07:23:18.738, 28612 MiB, 98 %, 139.73 W
2026/09/30 07:23:19.741, 28612 MiB, 98 %, 153.42 W
2026/09/30 07:23:20.746, 28612 MiB, 87 %, 48.41 W
2026/09/30 07:23:21.757, 28612 MiB, 100 %, 235.38 W
2026/09/30 07:23:22.760, 28612 MiB, 100 %, 206.89 W
2026/09/30 07:23:23.763, 28612 MiB, 100 %, 232.33 W
2026/09/30 07:23:24.768, 28612 MiB, 100 %, 209.12 W
2026/09/30 07:23:25.774, 28612 MiB, 100 %, 202.23 W
2026/09/30 07:23:26.777, 28612 MiB, 100 %, 168.98 W
2026/09/30 07:23:27.781, 28612 MiB, 97 %, 244.87 W
2026/09/30 07:23:28.786, 28612 MiB, 100 %, 239.52 W
2026/09/30 07:23:29.792, 28612 MiB, 100 %, 180.20 W
2026/09/30 07:23:30.795, 28612 MiB, 100 %, 173.65 W
2026/09/30 07:23:31.798, 28612 MiB, 100 %, 235.69 W
2026/09/30 07:23:32.803, 28612 MiB, 99 %, 178.73 W
2026/09/30 07:23:33.810, 28612 MiB, 100 %, 250.24 W
2026/09/30 07:23:34.815, 28612 MiB, 100 %, 205.07 W
2026/09/30 07:23:35.821, 28612 MiB, 100 %, 216.42 W
2026/09/30 07:23:36.829, 28612 MiB, 100 %, 199.85 W
2026/09/30 07:23:37.835, 28612 MiB, 98 %, 194.88 W
2026/09/30 07:23:38.840, 28612 MiB, 100 %, 230.28 W
2026/09/30 07:23:39.846, 28612 MiB, 100 %, 211.75 W
2026/09/30 07:23:40.849, 28612 MiB, 84 %, 205.75 W
2026/09/30 07:23:41.855, 28612 MiB, 98 %, 154.11 W
2026/09/30 07:23:42.870, 28612 MiB, 98 %, 139.95 W
2026/09/30 07:23:43.879, 28612 MiB, 98 %, 140.43 W
2026/09/30 07:23:44.891, 28612 MiB, 98 %, 145.80 W
2026/09/30 07:23:45.897, 28612 MiB, 98 %, 153.26 W
2026/09/30 07:23:46.903, 28612 MiB, 98 %, 99.16 W
2026/09/30 07:23:47.906, 28612 MiB, 100 %, 215.15 W
2026/09/30 07:23:48.909, 28612 MiB, 100 %, 279.62 W
2026/09/30 07:23:49.917, 28612 MiB, 100 %, 225.87 W
2026/09/30 07:23:50.921, 28612 MiB, 100 %, 179.70 W
2026/09/30 07:23:51.924, 28612 MiB, 100 %, 201.40 W
2026/09/30 07:23:52.927, 28612 MiB, 99 %, 234.89 W
2026/09/30 07:23:53.930, 28612 MiB, 100 %, 199.90 W
2026/09/30 07:23:54.935, 28612 MiB, 100 %, 252.04 W
2026/09/30 07:23:55.938, 28612 MiB, 100 %, 241.48 W
2026/09/30 07:23:56.941, 28612 MiB, 100 %, 192.84 W
2026/09/30 07:23:57.945, 28612 MiB, 100 %, 174.22 W
2026/09/30 07:23:58.950, 28612 MiB, 100 %, 251.98 W
2026/09/30 07:23:59.953, 28612 MiB, 100 %, 225.34 W
2026/09/30 07:24:00.956, 28612 MiB, 100 %, 187.00 W
2026/09/30 07:24:01.962, 28612 MiB, 100 %, 268.91 W
2026/09/30 07:24:02.966, 28612 MiB, 100 %, 204.64 W
2026/09/30 07:24:03.969, 28612 MiB, 99 %, 242.27 W
2026/09/30 07:24:04.974, 28612 MiB, 100 %, 233.93 W
2026/09/30 07:24:05.991, 28612 MiB, 100 %, 172.64 W
2026/09/30 07:24:07.009, 28612 MiB, 100 %, 278.56 W
2026/09/30 07:24:08.018, 28612 MiB, 100 %, 251.96 W
2026/09/30 07:24:09.034, 28612 MiB, 100 %, 207.45 W
2026/09/30 07:24:10.041, 28612 MiB, 97 %, 208.30 W
2026/09/30 07:24:11.048, 28612 MiB, 98 %, 137.89 W
2026/09/30 07:24:12.058, 28612 MiB, 98 %, 139.95 W
2026/09/30 07:24:13.073, 28612 MiB, 98 %, 149.83 W
2026/09/30 07:24:14.084, 28612 MiB, 98 %, 150.80 W
2026/09/30 07:24:15.087, 28612 MiB, 98 %, 151.33 W
2026/09/30 07:24:16.093, 28612 MiB, 98 %, 159.53 W
2026/09/30 07:24:17.096, 28612 MiB, 7 %, 108.13 W
2026/09/30 07:24:18.099, 28612 MiB, 100 %, 248.02 W
2026/09/30 07:24:19.102, 28612 MiB, 100 %, 215.67 W
2026/09/30 07:24:20.110, 28612 MiB, 100 %, 166.02 W
2026/09/30 07:24:21.115, 28612 MiB, 100 %, 223.09 W
2026/09/30 07:24:22.126, 28612 MiB, 100 %, 228.20 W
2026/09/30 07:24:23.138, 28612 MiB, 100 %, 248.97 W
2026/09/30 07:24:24.141, 28612 MiB, 100 %, 245.40 W
2026/09/30 07:24:25.152, 28612 MiB, 100 %, 171.79 W
2026/09/30 07:24:26.156, 28612 MiB, 100 %, 165.99 W
2026/09/30 07:24:27.160, 28612 MiB, 100 %, 167.78 W
2026/09/30 07:24:28.169, 28612 MiB, 100 %, 189.37 W
2026/09/30 07:24:29.174, 28612 MiB, 100 %, 206.56 W
2026/09/30 07:24:30.177, 28612 MiB, 100 %, 173.17 W
2026/09/30 07:24:31.180, 28612 MiB, 100 %, 210.74 W
2026/09/30 07:24:32.190, 28612 MiB, 100 %, 189.38 W
2026/09/30 07:24:33.193, 28612 MiB, 100 %, 180.20 W
2026/09/30 07:24:34.196, 28612 MiB, 100 %, 173.28 W
2026/09/30 07:24:35.217, 28612 MiB, 100 %, 161.73 W
2026/09/30 07:24:36.230, 28612 MiB, 100 %, 214.17 W
2026/09/30 07:24:37.243, 28612 MiB, 100 %, 217.62 W
2026/09/30 07:24:38.248, 28612 MiB, 100 %, 172.31 W
2026/09/30 07:24:39.251, 28612 MiB, 98 %, 204.94 W
2026/09/30 07:24:40.254, 28612 MiB, 98 %, 147.25 W
2026/09/30 07:24:41.261, 28612 MiB, 98 %, 145.91 W
2026/09/30 07:24:42.267, 28612 MiB, 98 %, 148.52 W
2026/09/30 07:24:43.272, 28612 MiB, 98 %, 145.75 W
2026/09/30 07:24:44.278, 28612 MiB, 98 %, 147.90 W
2026/09/30 07:24:45.283, 28612 MiB, 98 %, 159.21 W
2026/09/30 07:24:46.289, 28612 MiB, 0 %, 46.80 W
2026/09/30 07:24:47.292, 28612 MiB, 0 %, 46.25 W
2026/09/30 07:24:48.295, 28612 MiB, 0 %, 45.83 W
2026/09/30 07:24:49.298, 28612 MiB, 0 %, 45.76 W
2026/09/30 07:24:50.301, 28612 MiB, 0 %, 45.37 W
2026/09/30 07:24:51.304, 28612 MiB, 0 %, 45.18 W
2026/09/30 07:24:52.307, 28612 MiB, 0 %, 44.99 W
2026/09/30 07:24:53.310, 28612 MiB, 0 %, 44.79 W
2026/09/30 07:24:54.313, 28612 MiB, 0 %, 44.60 W
2026/09/30 07:24:55.322, 28612 MiB, 0 %, 44.50 W
2026/09/30 07:24:56.330, 28612 MiB, 0 %, 44.30 W
2026/09/30 07:24:57.339, 28612 MiB, 0 %, 44.21 W
2026/09/30 07:24:58.342, 28612 MiB, 0 %, 44.01 W
2026/09/30 07:24:59.345, 28612 MiB, 0 %, 43.92 W
2026/09/30 07:25:00.348, 28612 MiB, 0 %, 43.72 W
2026/09/30 07:25:01.359, 28612 MiB, 0 %, 43.63 W
2026/09/30 07:25:02.362, 28612 MiB, 0 %, 43.53 W
2026/09/30 07:25:03.372, 28612 MiB, 0 %, 43.33 W
2026/09/30 07:25:04.375, 28612 MiB, 0 %, 43.33 W
2026/09/30 07:25:05.378, 28612 MiB, 0 %, 43.14 W
2026/09/30 07:25:06.381, 28612 MiB, 0 %, 42.36 W
2026/09/30 07:25:07.387, 28612 MiB, 0 %, 42.75 W
2026/09/30 07:25:08.390, 28612 MiB, 0 %, 42.65 W
2026/09/30 07:25:09.393, 28612 MiB, 0 %, 42.65 W
2026/09/30 07:25:10.396, 28612 MiB, 0 %, 42.46 W
2026/09/30 07:25:11.404, 28612 MiB, 0 %, 42.36 W
2026/09/30 07:25:12.407, 28612 MiB, 0 %, 42.36 W
2026/09/30 07:25:13.410, 28612 MiB, 0 %, 42.17 W
2026/09/30 07:25:14.413, 28612 MiB, 0 %, 42.06 W
2026/09/30 07:25:15.416, 28612 MiB, 0 %, 41.97 W
2026/09/30 07:25:16.419, 28612 MiB, 0 %, 41.87 W
2026/09/30 07:25:17.422, 28612 MiB, 0 %, 41.87 W
2026/09/30 07:25:18.426, 28612 MiB, 0 %, 41.78 W
2026/09/30 07:25:19.429, 28612 MiB, 0 %, 41.58 W
2026/09/30 07:25:20.435, 28612 MiB, 0 %, 41.58 W
2026/09/30 07:25:21.438, 28612 MiB, 0 %, 41.48 W
