2026/09/30 09:08:44.115, 15874 MiB, 0 %
2026/09/30 09:08:45.115, 15890 MiB, 96 %
2026/09/30 09:08:46.116, 15890 MiB, 96 %
2026/09/30 09:08:47.116, 15890 MiB, 96 %
2026/09/30 09:08:48.117, 15890 MiB, 96 %
2026/09/30 09:08:49.117, 15890 MiB, 82 %
2026/09/30 09:08:50.118, 15890 MiB, 96 %
2026/09/30 09:08:51.118, 15890 MiB, 96 %
2026/09/30 09:08:52.119, 15890 MiB, 96 %
2026/09/30 09:08:53.119, 15890 MiB, 96 %
2026/09/30 09:08:54.120, 15890 MiB, 86 %
2026/09/30 09:08:55.120, 15890 MiB, 37 %
2026/09/30 09:08:56.121, 15890 MiB, 94 %
2026/09/30 09:08:57.121, 15890 MiB, 95 %
2026/09/30 09:08:58.122, 15890 MiB, 94 %
2026/09/30 09:08:59.122, 15890 MiB, 93 %
2026/09/30 09:09:00.123, 15890 MiB, 94 %
2026/09/30 09:09:01.123, 15890 MiB, 94 %
2026/09/30 09:09:02.124, 15890 MiB, 95 %
2026/09/30 09:09:03.124, 15890 MiB, 95 %
2026/09/30 09:09:04.125, 15890 MiB, 94 %
2026/09/30 09:09:05.125, 15890 MiB, 95 %
2026/09/30 09:09:06.126, 15890 MiB, 94 %
2026/09/30 09:09:07.126, 15890 MiB, 89 %
2026/09/30 09:09:08.127, 15890 MiB, 18 %
2026/09/30 09:09:09.127, 15890 MiB, 93 %
2026/09/30 09:09:10.128, 15890 MiB, 94 %
2026/09/30 09:09:11.128, 15890 MiB, 94 %
2026/09/30 09:09:12.129, 15890 MiB, 94 %
2026/09/30 09:09:13.130, 15890 MiB, 92 %
2026/09/30 09:09:14.130, 15890 MiB, 92 %
2026/09/30 09:09:15.131, 15890 MiB, 93 %
2026/09/30 09:09:16.131, 15890 MiB, 94 %
2026/09/30 09:09:17.132, 15890 MiB, 93 %
2026/09/30 09:09:18.132, 15890 MiB, 92 %
2026/09/30 09:09:19.133, 15890 MiB, 95 %
2026/09/30 09:09:20.133, 15890 MiB, 94 %
2026/09/30 09:09:21.134, 15890 MiB, 93 %
2026/09/30 09:09:22.134, 15890 MiB, 94 %
2026/09/30 09:09:23.135, 15890 MiB, 94 %
2026/09/30 09:09:24.135, 15890 MiB, 22 %
2026/09/30 09:09:25.136, 15890 MiB, 24 %
2026/09/30 09:09:26.136, 15890 MiB, 41 %
2026/09/30 09:09:27.137, 15890 MiB, 93 %
2026/09/30 09:09:28.137, 15890 MiB, 94 %
2026/09/30 09:09:29.138, 15890 MiB, 93 %
2026/09/30 09:09:30.138, 15890 MiB, 94 %
2026/09/30 09:09:31.139, 15890 MiB, 93 %
2026/09/30 09:09:32.139, 15890 MiB, 94 %
2026/09/30 09:09:33.140, 15890 MiB, 93 %
2026/09/30 09:09:34.140, 15890 MiB, 93 %
2026/09/30 09:09:35.141, 15890 MiB, 92 %
2026/09/30 09:09:36.141, 15890 MiB, 93 %
2026/09/30 09:09:37.142, 15890 MiB, 94 %
2026/09/30 09:09:38.142, 15890 MiB, 93 %
2026/09/30 09:09:39.143, 15890 MiB, 94 %
2026/09/30 09:09:40.144, 15890 MiB, 93 %
2026/09/30 09:09:41.144, 15890 MiB, 94 %
2026/09/30 09:09:42.145, 15890 MiB, 93 %
2026/09/30 09:09:43.145, 15890 MiB, 93 %
2026/09/30 09:09:44.146, 15890 MiB, 90 %
2026/09/30 09:09:45.147, 15890 MiB, 11 %
2026/09/30 09:09:46.147, 15890 MiB, 0 %
2026/09/30 09:09:47.148, 15890 MiB, 96 %
2026/09/30 09:09:48.148, 15890 MiB, 96 %
2026/09/30 09:09:49.149, 15890 MiB, 96 %
2026/09/30 09:09:50.149, 15890 MiB, 96 %
2026/09/30 09:09:51.150, 15890 MiB, 96 %
2026/09/30 09:09:52.150, 15890 MiB, 96 %
2026/09/30 09:09:53.151, 15890 MiB, 96 %
2026/09/30 09:09:54.151, 15890 MiB, 96 %
2026/09/30 09:09:55.152, 15890 MiB, 95 %
2026/09/30 09:09:56.152, 15890 MiB, 96 %
2026/09/30 09:09:57.153, 15890 MiB, 0 %
2026/09/30 09:09:58.153, 15890 MiB, 93 %
2026/09/30 09:09:59.154, 15890 MiB, 94 %
2026/09/30 09:10:00.154, 15890 MiB, 94 %
2026/09/30 09:10:01.155, 15890 MiB, 94 %
2026/09/30 09:10:02.155, 15890 MiB, 94 %
2026/09/30 09:10:03.156, 15890 MiB, 94 %
2026/09/30 09:10:04.156, 15890 MiB, 94 %
2026/09/30 09:10:05.157, 15890 MiB, 94 %
2026/09/30 09:10:06.157, 15890 MiB, 94 %
2026/09/30 09:10:07.158, 15890 MiB, 94 %
2026/09/30 09:10:08.158, 15890 MiB, 94 %
2026/09/30 09:10:09.159, 15890 MiB, 94 %
2026/09/30 09:10:10.160, 15890 MiB, 1 %
2026/09/30 09:10:11.160, 15890 MiB, 23 %
2026/09/30 09:10:12.161, 15890 MiB, 93 %
2026/09/30 09:10:13.161, 15890 MiB, 93 %
2026/09/30 09:10:14.162, 15890 MiB, 93 %
2026/09/30 09:10:15.162, 15890 MiB, 94 %
2026/09/30 09:10:16.163, 15890 MiB, 94 %
2026/09/30 09:10:17.163, 15890 MiB, 93 %
2026/09/30 09:10:18.164, 15890 MiB, 92 %
2026/09/30 09:10:19.164, 15890 MiB, 93 %
2026/09/30 09:10:20.165, 15890 MiB, 93 %
2026/09/30 09:10:21.165, 15890 MiB, 93 %
2026/09/30 09:10:22.166, 15890 MiB, 94 %
2026/09/30 09:10:23.166, 15890 MiB, 95 %
2026/09/30 09:10:24.167, 15890 MiB, 94 %
2026/09/30 09:10:25.167, 15890 MiB, 95 %
2026/09/30 09:10:26.168, 15890 MiB, 93 %
2026/09/30 09:10:27.168, 15890 MiB, 0 %
2026/09/30 09:10:28.169, 15890 MiB, 23 %
2026/09/30 09:10:29.170, 15890 MiB, 94 %
2026/09/30 09:10:30.170, 15890 MiB, 93 %
2026/09/30 09:10:31.171, 15890 MiB, 91 %
2026/09/30 09:10:32.171, 15890 MiB, 92 %
2026/09/30 09:10:33.172, 15890 MiB, 91 %
2026/09/30 09:10:34.172, 15890 MiB, 94 %
2026/09/30 09:10:35.173, 15890 MiB, 92 %
2026/09/30 09:10:36.173, 15890 MiB, 92 %
2026/09/30 09:10:37.174, 15890 MiB, 93 %
2026/09/30 09:10:38.174, 15890 MiB, 93 %
2026/09/30 09:10:39.175, 15890 MiB, 92 %
2026/09/30 09:10:40.176, 15890 MiB, 92 %
2026/09/30 09:10:41.176, 15890 MiB, 94 %
2026/09/30 09:10:42.177, 15890 MiB, 92 %
2026/09/30 09:10:43.177, 15890 MiB, 92 %
2026/09/30 09:10:44.178, 15890 MiB, 94 %
2026/09/30 09:10:45.178, 15890 MiB, 93 %
2026/09/30 09:10:46.179, 15890 MiB, 93 %
2026/09/30 09:10:47.179, 15890 MiB, 94 %
2026/09/30 09:10:48.180, 15890 MiB, 11 %
2026/09/30 09:10:49.180, 15890 MiB, 14 %
2026/09/30 09:10:50.181, 16074 MiB, 100 %
2026/09/30 09:10:51.181, 16074 MiB, 100 %
2026/09/30 09:10:52.182, 16074 MiB, 100 %
2026/09/30 09:10:53.183, 16074 MiB, 100 %
2026/09/30 09:10:54.183, 16074 MiB, 100 %
2026/09/30 09:10:55.184, 16074 MiB, 98 %
2026/09/30 09:10:56.184, 16074 MiB, 91 %
2026/09/30 09:10:57.185, 16074 MiB, 100 %
2026/09/30 09:10:58.185, 16074 MiB, 100 %
2026/09/30 09:10:59.186, 16074 MiB, 100 %
2026/09/30 09:11:00.187, 16074 MiB, 99 %
2026/09/30 09:11:01.187, 16074 MiB, 45 %
2026/09/30 09:11:02.188, 16074 MiB, 100 %
2026/09/30 09:11:03.188, 16074 MiB, 100 %
2026/09/30 09:11:04.189, 16074 MiB, 94 %
2026/09/30 09:11:05.189, 16074 MiB, 100 %
2026/09/30 09:11:06.190, 16074 MiB, 94 %
2026/09/30 09:11:07.191, 16074 MiB, 94 %
2026/09/30 09:11:08.191, 16074 MiB, 93 %
2026/09/30 09:11:09.192, 16074 MiB, 92 %
2026/09/30 09:11:10.192, 16074 MiB, 93 %
2026/09/30 09:11:11.193, 16074 MiB, 93 %
2026/09/30 09:11:12.193, 16074 MiB, 93 %
2026/09/30 09:11:13.194, 16074 MiB, 93 %
2026/09/30 09:11:14.194, 16074 MiB, 93 %
2026/09/30 09:11:15.195, 16074 MiB, 92 %
2026/09/30 09:11:16.195, 16074 MiB, 93 %
2026/09/30 09:11:17.196, 16074 MiB, 94 %
2026/09/30 09:11:18.196, 16074 MiB, 93 %
2026/09/30 09:11:19.197, 16074 MiB, 94 %
2026/09/30 09:11:20.198, 16074 MiB, 94 %
2026/09/30 09:11:21.198, 16074 MiB, 93 %
2026/09/30 09:11:22.199, 16074 MiB, 94 %
2026/09/30 09:11:23.199, 16074 MiB, 94 %
2026/09/30 09:11:24.200, 16074 MiB, 93 %
2026/09/30 09:11:25.200, 16074 MiB, 26 %
2026/09/30 09:11:26.201, 16074 MiB, 87 %
2026/09/30 09:11:27.201, 16074 MiB, 73 %
2026/09/30 09:11:28.202, 16074 MiB, 99 %
2026/09/30 09:11:29.202, 16074 MiB, 76 %
2026/09/30 09:11:30.203, 16074 MiB, 100 %
2026/09/30 09:11:31.203, 16074 MiB, 100 %
2026/09/30 09:11:32.204, 16074 MiB, 92 %
2026/09/30 09:11:33.205, 16074 MiB, 94 %
2026/09/30 09:11:34.205, 16074 MiB, 90 %
2026/09/30 09:11:35.206, 16074 MiB, 93 %
2026/09/30 09:11:36.206, 16074 MiB, 94 %
2026/09/30 09:11:37.207, 16074 MiB, 94 %
2026/09/30 09:11:38.207, 16074 MiB, 94 %
2026/09/30 09:11:39.208, 16074 MiB, 94 %
2026/09/30 09:11:40.208, 16074 MiB, 93 %
2026/09/30 09:11:41.209, 16074 MiB, 94 %
2026/09/30 09:11:42.209, 16074 MiB, 37 %
2026/09/30 09:11:43.210, 16074 MiB, 100 %
2026/09/30 09:11:44.210, 16074 MiB, 94 %
2026/09/30 09:11:45.211, 16074 MiB, 94 %
2026/09/30 09:11:46.211, 16074 MiB, 93 %
2026/09/30 09:11:47.212, 16074 MiB, 93 %
2026/09/30 09:11:48.212, 16074 MiB, 94 %
2026/09/30 09:11:49.213, 16074 MiB, 93 %
2026/09/30 09:11:50.214, 16074 MiB, 94 %
2026/09/30 09:11:51.215, 16074 MiB, 93 %
2026/09/30 09:11:52.215, 16074 MiB, 94 %
2026/09/30 09:11:53.216, 16074 MiB, 94 %
2026/09/30 09:11:54.217, 16074 MiB, 98 %
2026/09/30 09:11:55.217, 16074 MiB, 30 %
2026/09/30 09:11:56.218, 16074 MiB, 34 %
2026/09/30 09:11:57.218, 16074 MiB, 72 %
2026/09/30 09:11:58.219, 16074 MiB, 19 %
2026/09/30 09:11:59.219, 16074 MiB, 100 %
2026/09/30 09:12:00.220, 16074 MiB, 92 %
2026/09/30 09:12:01.220, 16074 MiB, 100 %
2026/09/30 09:12:02.221, 16074 MiB, 100 %
2026/09/30 09:12:03.221, 16074 MiB, 94 %
2026/09/30 09:12:04.222, 16074 MiB, 94 %
2026/09/30 09:12:05.222, 16074 MiB, 94 %
2026/09/30 09:12:06.223, 16074 MiB, 94 %
2026/09/30 09:12:07.223, 16074 MiB, 94 %
2026/09/30 09:12:08.224, 16074 MiB, 94 %
2026/09/30 09:12:09.224, 16074 MiB, 94 %
2026/09/30 09:12:10.225, 16074 MiB, 94 %
2026/09/30 09:12:11.225, 16074 MiB, 94 %
2026/09/30 09:12:12.226, 16074 MiB, 94 %
2026/09/30 09:12:13.227, 16074 MiB, 94 %
2026/09/30 09:12:14.227, 16074 MiB, 21 %
2026/09/30 09:12:15.228, 16074 MiB, 100 %
2026/09/30 09:12:16.228, 16074 MiB, 94 %
2026/09/30 09:12:17.229, 16074 MiB, 94 %
2026/09/30 09:12:18.230, 16074 MiB, 16 %
2026/09/30 09:12:19.230, 16074 MiB, 100 %
2026/09/30 09:12:20.231, 16074 MiB, 93 %
2026/09/30 09:12:21.231, 16074 MiB, 94 %
2026/09/30 09:12:22.232, 16074 MiB, 94 %
2026/09/30 09:12:23.233, 16074 MiB, 100 %
2026/09/30 09:12:24.233, 16074 MiB, 100 %
2026/09/30 09:12:25.234, 16074 MiB, 94 %
2026/09/30 09:12:26.234, 16074 MiB, 94 %
2026/09/30 09:12:27.235, 16074 MiB, 94 %
2026/09/30 09:12:28.235, 16074 MiB, 93 %
2026/09/30 09:12:29.236, 16074 MiB, 100 %
2026/09/30 09:12:30.236, 16074 MiB, 35 %
2026/09/30 09:12:31.237, 16074 MiB, 94 %
2026/09/30 09:12:32.237, 16074 MiB, 94 %
2026/09/30 09:12:33.238, 16074 MiB, 94 %
2026/09/30 09:12:34.239, 16074 MiB, 94 %
2026/09/30 09:12:35.239, 16074 MiB, 94 %
2026/09/30 09:12:36.240, 16074 MiB, 87 %
2026/09/30 09:12:37.240, 16074 MiB, 94 %
2026/09/30 09:12:38.241, 16074 MiB, 94 %
2026/09/30 09:12:39.241, 16074 MiB, 100 %
2026/09/30 09:12:40.242, 16074 MiB, 100 %
2026/09/30 09:12:41.242, 16074 MiB, 93 %
2026/09/30 09:12:42.243, 16074 MiB, 94 %
2026/09/30 09:12:43.243, 16074 MiB, 94 %
2026/09/30 09:12:44.244, 16074 MiB, 94 %
2026/09/30 09:12:45.245, 16074 MiB, 94 %
2026/09/30 09:12:46.245, 16074 MiB, 100 %
2026/09/30 09:12:47.246, 16074 MiB, 96 %
2026/09/30 09:12:48.246, 16074 MiB, 94 %
2026/09/30 09:12:49.247, 16074 MiB, 95 %
2026/09/30 09:12:50.247, 16074 MiB, 94 %
2026/09/30 09:12:51.248, 16074 MiB, 93 %
2026/09/30 09:12:52.248, 16074 MiB, 91 %
2026/09/30 09:12:53.249, 16074 MiB, 25 %
2026/09/30 09:12:54.249, 16074 MiB, 38 %
2026/09/30 09:12:55.250, 16074 MiB, 93 %
2026/09/30 09:12:56.250, 16074 MiB, 94 %
2026/09/30 09:12:57.251, 16074 MiB, 94 %
2026/09/30 09:12:58.251, 16074 MiB, 81 %
2026/09/30 09:12:59.252, 16074 MiB, 60 %
2026/09/30 09:13:00.253, 16074 MiB, 86 %
2026/09/30 09:13:01.253, 16074 MiB, 94 %
2026/09/30 09:13:02.254, 16074 MiB, 94 %
2026/09/30 09:13:03.254, 16074 MiB, 94 %
2026/09/30 09:13:04.255, 16074 MiB, 94 %
2026/09/30 09:13:05.255, 16074 MiB, 85 %
2026/09/30 09:13:06.256, 16074 MiB, 88 %
2026/09/30 09:13:07.256, 16074 MiB, 85 %
2026/09/30 09:13:08.257, 16074 MiB, 88 %
2026/09/30 09:13:09.257, 16074 MiB, 87 %
2026/09/30 09:13:10.258, 16074 MiB, 88 %
2026/09/30 09:13:11.258, 16074 MiB, 88 %
2026/09/30 09:13:12.259, 16074 MiB, 88 %
2026/09/30 09:13:13.260, 16074 MiB, 88 %
2026/09/30 09:13:14.260, 16074 MiB, 88 %
2026/09/30 09:13:15.261, 16074 MiB, 0 %
2026/09/30 09:13:16.261, 16074 MiB, 44 %
2026/09/30 09:13:17.262, 16074 MiB, 99 %
2026/09/30 09:13:18.262, 16074 MiB, 100 %
2026/09/30 09:13:19.263, 16074 MiB, 88 %
2026/09/30 09:13:20.263, 16074 MiB, 87 %
2026/09/30 09:13:21.264, 16074 MiB, 85 %
2026/09/30 09:13:22.264, 16074 MiB, 88 %
2026/09/30 09:13:23.265, 16074 MiB, 15 %
2026/09/30 09:13:24.266, 16074 MiB, 100 %
2026/09/30 09:13:25.266, 16074 MiB, 100 %
2026/09/30 09:13:26.267, 16074 MiB, 87 %
2026/09/30 09:13:27.267, 16074 MiB, 87 %
2026/09/30 09:13:28.268, 16074 MiB, 87 %
2026/09/30 09:13:29.268, 16074 MiB, 88 %
2026/09/30 09:13:30.269, 16074 MiB, 85 %
2026/09/30 09:13:31.269, 16074 MiB, 88 %
2026/09/30 09:13:32.270, 16074 MiB, 98 %
2026/09/30 09:13:33.270, 16074 MiB, 100 %
2026/09/30 09:13:34.271, 16074 MiB, 90 %
2026/09/30 09:13:35.271, 16074 MiB, 86 %
2026/09/30 09:13:36.272, 16074 MiB, 88 %
2026/09/30 09:13:37.273, 16074 MiB, 88 %
2026/09/30 09:13:38.273, 16074 MiB, 87 %
2026/09/30 09:13:39.274, 16074 MiB, 87 %
2026/09/30 09:13:40.274, 16074 MiB, 88 %
2026/09/30 09:13:41.275, 16074 MiB, 85 %
2026/09/30 09:13:42.275, 16074 MiB, 88 %
2026/09/30 09:13:43.276, 16074 MiB, 88 %
2026/09/30 09:13:44.276, 16074 MiB, 88 %
2026/09/30 09:13:45.277, 16074 MiB, 88 %
2026/09/30 09:13:46.277, 16074 MiB, 85 %
2026/09/30 09:13:47.278, 16074 MiB, 88 %
2026/09/30 09:13:48.278, 16074 MiB, 88 %
2026/09/30 09:13:49.279, 16074 MiB, 88 %
2026/09/30 09:13:50.279, 16074 MiB, 84 %
2026/09/30 09:13:51.280, 16074 MiB, 95 %
2026/09/30 09:13:52.280, 16074 MiB, 95 %
2026/09/30 09:13:53.281, 16074 MiB, 96 %
2026/09/30 09:13:54.281, 16074 MiB, 96 %
2026/09/30 09:13:55.282, 16074 MiB, 0 %
2026/09/30 09:13:56.282, 16074 MiB, 0 %
2026/09/30 09:13:57.283, 16074 MiB, 0 %
2026/09/30 09:13:58.284, 16074 MiB, 22 %
2026/09/30 09:13:59.284, 16074 MiB, 100 %
2026/09/30 09:14:00.285, 16074 MiB, 99 %
2026/09/30 09:14:01.287, 16074 MiB, 100 %
2026/09/30 09:14:02.288, 16074 MiB, 100 %
2026/09/30 09:14:03.288, 16074 MiB, 100 %
2026/09/30 09:14:04.289, 16074 MiB, 100 %
2026/09/30 09:14:05.289, 16074 MiB, 100 %
2026/09/30 09:14:06.290, 16074 MiB, 100 %
2026/09/30 09:14:07.292, 16074 MiB, 100 %
2026/09/30 09:14:08.293, 16074 MiB, 99 %
2026/09/30 09:14:09.293, 16074 MiB, 100 %
2026/09/30 09:14:10.294, 16074 MiB, 96 %
2026/09/30 09:14:11.295, 16074 MiB, 100 %
2026/09/30 09:14:12.296, 16074 MiB, 99 %
2026/09/30 09:14:13.296, 16074 MiB, 100 %
2026/09/30 09:14:14.297, 16074 MiB, 100 %
2026/09/30 09:14:15.297, 16074 MiB, 100 %
2026/09/30 09:14:16.298, 16074 MiB, 92 %
2026/09/30 09:14:17.301, 16074 MiB, 100 %
2026/09/30 09:14:18.302, 16074 MiB, 100 %
2026/09/30 09:14:19.302, 16074 MiB, 99 %
2026/09/30 09:14:20.303, 16074 MiB, 100 %
2026/09/30 09:14:21.304, 16074 MiB, 100 %
2026/09/30 09:14:22.304, 16074 MiB, 100 %
2026/09/30 09:14:23.305, 16074 MiB, 100 %
2026/09/30 09:14:24.305, 16074 MiB, 99 %
2026/09/30 09:14:25.306, 16074 MiB, 100 %
2026/09/30 09:14:26.306, 16074 MiB, 100 %
2026/09/30 09:14:27.307, 16074 MiB, 99 %
2026/09/30 09:14:28.307, 16074 MiB, 100 %
2026/09/30 09:14:29.308, 16074 MiB, 99 %
2026/09/30 09:14:30.308, 16074 MiB, 100 %
2026/09/30 09:14:31.309, 16074 MiB, 100 %
2026/09/30 09:14:32.309, 16074 MiB, 100 %
2026/09/30 09:14:33.310, 16074 MiB, 100 %
2026/09/30 09:14:34.310, 16074 MiB, 100 %
2026/09/30 09:14:35.311, 16074 MiB, 100 %
2026/09/30 09:14:36.312, 16074 MiB, 36 %
2026/09/30 09:14:37.312, 16074 MiB, 99 %
2026/09/30 09:14:38.313, 16074 MiB, 100 %
2026/09/30 09:14:39.313, 16074 MiB, 100 %
2026/09/30 09:14:40.314, 16074 MiB, 99 %
2026/09/30 09:14:41.314, 16074 MiB, 100 %
2026/09/30 09:14:42.315, 16074 MiB, 100 %
2026/09/30 09:14:43.315, 16074 MiB, 99 %
2026/09/30 09:14:44.316, 16074 MiB, 100 %
2026/09/30 09:14:45.316, 16074 MiB, 100 %
2026/09/30 09:14:46.317, 16074 MiB, 13 %
2026/09/30 09:14:47.318, 16074 MiB, 100 %
2026/09/30 09:14:48.319, 16074 MiB, 99 %
2026/09/30 09:14:49.319, 16074 MiB, 100 %
2026/09/30 09:14:50.320, 16074 MiB, 100 %
2026/09/30 09:14:51.320, 16074 MiB, 100 %
2026/09/30 09:14:52.321, 16074 MiB, 100 %
2026/09/30 09:14:53.321, 16074 MiB, 100 %
2026/09/30 09:14:54.322, 16074 MiB, 100 %
2026/09/30 09:14:55.322, 16074 MiB, 16 %
2026/09/30 09:14:56.323, 16074 MiB, 0 %
2026/09/30 09:14:57.323, 16074 MiB, 100 %
2026/09/30 09:14:58.324, 16074 MiB, 40 %
2026/09/30 09:14:59.326, 16074 MiB, 100 %
2026/09/30 09:15:00.332, 16074 MiB, 100 %
2026/09/30 09:15:01.333, 16074 MiB, 100 %
2026/09/30 09:15:02.333, 16074 MiB, 100 %
2026/09/30 09:15:03.335, 16074 MiB, 100 %
2026/09/30 09:15:04.336, 16074 MiB, 99 %
2026/09/30 09:15:05.336, 16074 MiB, 100 %
2026/09/30 09:15:06.337, 16074 MiB, 100 %
2026/09/30 09:15:07.337, 16074 MiB, 100 %
2026/09/30 09:15:08.338, 16074 MiB, 99 %
2026/09/30 09:15:09.339, 16074 MiB, 100 %
2026/09/30 09:15:10.340, 16074 MiB, 100 %
2026/09/30 09:15:11.340, 16074 MiB, 100 %
2026/09/30 09:15:12.341, 16074 MiB, 96 %
2026/09/30 09:15:13.341, 16074 MiB, 100 %
2026/09/30 09:15:14.342, 16074 MiB, 100 %
2026/09/30 09:15:15.342, 16074 MiB, 95 %
2026/09/30 09:15:16.343, 16074 MiB, 100 %
2026/09/30 09:15:17.344, 16074 MiB, 64 %
2026/09/30 09:15:18.344, 16074 MiB, 100 %
2026/09/30 09:15:19.349, 16074 MiB, 100 %
2026/09/30 09:15:20.349, 16074 MiB, 100 %
2026/09/30 09:15:21.350, 16074 MiB, 99 %
2026/09/30 09:15:22.351, 16074 MiB, 100 %
2026/09/30 09:15:23.351, 16074 MiB, 100 %
2026/09/30 09:15:24.352, 16074 MiB, 100 %
2026/09/30 09:15:25.355, 16074 MiB, 100 %
2026/09/30 09:15:26.355, 16074 MiB, 100 %
2026/09/30 09:15:27.360, 16074 MiB, 100 %
2026/09/30 09:15:28.361, 16074 MiB, 100 %
2026/09/30 09:15:29.361, 16074 MiB, 100 %
2026/09/30 09:15:30.361, 16074 MiB, 100 %
2026/09/30 09:15:31.362, 16074 MiB, 0 %
2026/09/30 09:15:32.363, 16074 MiB, 100 %
2026/09/30 09:15:33.365, 16074 MiB, 100 %
2026/09/30 09:15:34.368, 16074 MiB, 100 %
2026/09/30 09:15:35.372, 16074 MiB, 100 %
2026/09/30 09:15:36.374, 16074 MiB, 100 %
2026/09/30 09:15:37.382, 16074 MiB, 100 %
2026/09/30 09:15:38.383, 16074 MiB, 100 %
2026/09/30 09:15:39.383, 16074 MiB, 100 %
2026/09/30 09:15:40.384, 16074 MiB, 99 %
2026/09/30 09:15:41.384, 16074 MiB, 25 %
2026/09/30 09:15:42.386, 16074 MiB, 100 %
2026/09/30 09:15:43.389, 16074 MiB, 98 %
2026/09/30 09:15:44.393, 16074 MiB, 100 %
2026/09/30 09:15:45.408, 16074 MiB, 32 %
2026/09/30 09:15:46.409, 16074 MiB, 100 %
2026/09/30 09:15:47.409, 16074 MiB, 0 %
2026/09/30 09:15:48.417, 16074 MiB, 0 %
2026/09/30 09:15:49.417, 16074 MiB, 100 %
2026/09/30 09:15:50.419, 16074 MiB, 100 %
2026/09/30 09:15:51.420, 16074 MiB, 100 %
2026/09/30 09:15:52.421, 16074 MiB, 94 %
2026/09/30 09:15:53.421, 16074 MiB, 100 %
2026/09/30 09:15:54.422, 16074 MiB, 100 %
2026/09/30 09:15:55.424, 16074 MiB, 100 %
2026/09/30 09:15:56.427, 16074 MiB, 100 %
2026/09/30 09:15:57.427, 16074 MiB, 100 %
2026/09/30 09:15:58.428, 16074 MiB, 99 %
2026/09/30 09:15:59.428, 16074 MiB, 19 %
2026/09/30 09:16:00.429, 16074 MiB, 99 %
2026/09/30 09:16:01.429, 16074 MiB, 100 %
2026/09/30 09:16:02.430, 16074 MiB, 100 %
2026/09/30 09:16:03.434, 16074 MiB, 98 %
2026/09/30 09:16:04.437, 16074 MiB, 99 %
2026/09/30 09:16:05.438, 16074 MiB, 100 %
2026/09/30 09:16:06.445, 16074 MiB, 100 %
2026/09/30 09:16:07.445, 16074 MiB, 100 %
2026/09/30 09:16:08.446, 16074 MiB, 100 %
2026/09/30 09:16:09.449, 16074 MiB, 100 %
2026/09/30 09:16:10.450, 16074 MiB, 100 %
2026/09/30 09:16:11.451, 16074 MiB, 100 %
2026/09/30 09:16:12.455, 16074 MiB, 76 %
2026/09/30 09:16:13.459, 16074 MiB, 99 %
2026/09/30 09:16:14.459, 16074 MiB, 100 %
2026/09/30 09:16:15.460, 16074 MiB, 100 %
2026/09/30 09:16:16.460, 16074 MiB, 100 %
2026/09/30 09:16:17.462, 16074 MiB, 36 %
2026/09/30 09:16:18.462, 16074 MiB, 0 %
2026/09/30 09:16:19.463, 16074 MiB, 0 %
2026/09/30 09:16:20.464, 16074 MiB, 0 %
2026/09/30 09:16:21.464, 16074 MiB, 0 %
2026/09/30 09:16:22.468, 16074 MiB, 0 %
2026/09/30 09:16:23.470, 16074 MiB, 16 %
2026/09/30 09:16:24.471, 16074 MiB, 100 %
2026/09/30 09:16:25.472, 16074 MiB, 99 %
2026/09/30 09:16:26.475, 16074 MiB, 100 %
2026/09/30 09:16:27.476, 16074 MiB, 100 %
2026/09/30 09:16:28.476, 16074 MiB, 100 %
2026/09/30 09:16:29.477, 16074 MiB, 100 %
2026/09/30 09:16:30.481, 16074 MiB, 100 %
2026/09/30 09:16:31.482, 16074 MiB, 100 %
2026/09/30 09:16:32.485, 16074 MiB, 100 %
2026/09/30 09:16:33.490, 16074 MiB, 100 %
2026/09/30 09:16:34.490, 16074 MiB, 83 %
2026/09/30 09:16:35.500, 16074 MiB, 100 %
2026/09/30 09:16:36.501, 16074 MiB, 100 %
2026/09/30 09:16:37.502, 16074 MiB, 100 %
2026/09/30 09:16:38.502, 16074 MiB, 100 %
2026/09/30 09:16:39.503, 16074 MiB, 100 %
2026/09/30 09:16:40.506, 16074 MiB, 99 %
2026/09/30 09:16:41.506, 16074 MiB, 100 %
2026/09/30 09:16:42.508, 16074 MiB, 100 %
2026/09/30 09:16:43.511, 16074 MiB, 100 %
2026/09/30 09:16:44.514, 16074 MiB, 0 %
2026/09/30 09:16:45.515, 16074 MiB, 0 %
2026/09/30 09:16:46.516, 16074 MiB, 29 %
2026/09/30 09:16:47.516, 16074 MiB, 100 %
2026/09/30 09:16:48.517, 16074 MiB, 100 %
2026/09/30 09:16:49.517, 16074 MiB, 99 %
2026/09/30 09:16:50.522, 16074 MiB, 99 %
2026/09/30 09:16:51.522, 16074 MiB, 100 %
2026/09/30 09:16:52.523, 16074 MiB, 100 %
2026/09/30 09:16:53.531, 16074 MiB, 100 %
2026/09/30 09:16:54.533, 16074 MiB, 100 %
2026/09/30 09:16:55.533, 16074 MiB, 80 %
2026/09/30 09:16:56.540, 16074 MiB, 82 %
