2026/09/30 09:17:39.593, 25020 MiB, 0 %
2026/09/30 09:17:40.594, 25020 MiB, 0 %
2026/09/30 09:17:41.594, 25020 MiB, 0 %
2026/09/30 09:17:42.595, 25020 MiB, 0 %
2026/09/30 09:17:43.608, 25020 MiB, 0 %
2026/09/30 09:17:44.617, 25020 MiB, 0 %
2026/09/30 09:17:45.617, 25020 MiB, 0 %
2026/09/30 09:17:46.623, 25020 MiB, 0 %
2026/09/30 09:17:47.625, 25020 MiB, 0 %
2026/09/30 09:17:48.625, 25020 MiB, 0 %
2026/09/30 09:17:49.632, 25020 MiB, 0 %
2026/09/30 09:17:50.633, 25020 MiB, 0 %
2026/09/30 09:17:51.639, 25020 MiB, 0 %
2026/09/30 09:17:52.647, 25020 MiB, 0 %
2026/09/30 09:17:53.659, 25020 MiB, 0 %
2026/09/30 09:17:54.670, 25020 MiB, 0 %
2026/09/30 09:17:55.671, 25020 MiB, 0 %
2026/09/30 09:17:56.676, 25020 MiB, 0 %
2026/09/30 09:17:57.677, 25020 MiB, 0 %
2026/09/30 09:17:58.678, 25020 MiB, 0 %
2026/09/30 09:17:59.680, 25020 MiB, 0 %
2026/09/30 09:18:00.681, 25020 MiB, 0 %
2026/09/30 09:18:01.682, 25020 MiB, 0 %
2026/09/30 09:18:02.683, 25020 MiB, 0 %
2026/09/30 09:18:03.683, 25020 MiB, 0 %
2026/09/30 09:18:04.684, 25020 MiB, 0 %
2026/09/30 09:18:05.686, 25020 MiB, 0 %
2026/09/30 09:18:06.686, 25020 MiB, 0 %
2026/09/30 09:18:07.687, 25020 MiB, 0 %
2026/09/30 09:18:08.694, 25020 MiB, 0 %
2026/09/30 09:18:09.694, 25020 MiB, 0 %
2026/09/30 09:18:10.697, 25020 MiB, 0 %
2026/09/30 09:18:11.697, 25020 MiB, 0 %
2026/09/30 09:18:12.698, 25020 MiB, 0 %
2026/09/30 09:18:13.698, 25020 MiB, 0 %
2026/09/30 09:18:14.700, 25020 MiB, 0 %
2026/09/30 09:18:15.700, 25020 MiB, 0 %
2026/09/30 09:18:16.703, 25020 MiB, 0 %
2026/09/30 09:18:17.714, 25020 MiB, 0 %
2026/09/30 09:18:18.718, 25020 MiB, 0 %
2026/09/30 09:18:19.718, 25020 MiB, 0 %
2026/09/30 09:18:20.719, 25020 MiB, 0 %
2026/09/30 09:18:21.719, 25020 MiB, 0 %
2026/09/30 09:18:22.725, 25020 MiB, 0 %
2026/09/30 09:18:23.728, 25020 MiB, 0 %
2026/09/30 09:18:24.735, 25020 MiB, 0 %
2026/09/30 09:18:25.739, 25020 MiB, 0 %
2026/09/30 09:18:26.741, 25020 MiB, 0 %
2026/09/30 09:18:27.741, 25020 MiB, 0 %
2026/09/30 09:18:28.742, 25020 MiB, 0 %
2026/09/30 09:18:29.742, 25020 MiB, 0 %
2026/09/30 09:18:30.756, 25020 MiB, 0 %
2026/09/30 09:18:31.759, 25020 MiB, 0 %
2026/09/30 09:18:32.759, 25020 MiB, 0 %
2026/09/30 09:18:33.764, 25020 MiB, 0 %
2026/09/30 09:18:34.765, 25020 MiB, 0 %
2026/09/30 09:18:35.765, 25020 MiB, 0 %
2026/09/30 09:18:36.766, 25020 MiB, 0 %
2026/09/30 09:18:37.766, 25024 MiB, 10 %
2026/09/30 09:18:38.767, 25024 MiB, 0 %
2026/09/30 09:18:39.770, 25024 MiB, 0 %
2026/09/30 09:18:40.770, 25024 MiB, 0 %
2026/09/30 09:18:41.771, 25024 MiB, 0 %
2026/09/30 09:18:42.784, 25024 MiB, 40 %
2026/09/30 09:18:43.784, 25024 MiB, 0 %
2026/09/30 09:18:44.785, 25024 MiB, 0 %
2026/09/30 09:18:45.797, 25038 MiB, 98 %
2026/09/30 09:18:46.805, 25038 MiB, 98 %
2026/09/30 09:18:47.811, 25038 MiB, 98 %
2026/09/30 09:18:48.812, 25038 MiB, 98 %
2026/09/30 09:18:49.814, 25038 MiB, 98 %
2026/09/30 09:18:50.816, 25038 MiB, 98 %
2026/09/30 09:18:51.822, 25038 MiB, 98 %
2026/09/30 09:18:52.825, 25038 MiB, 98 %
2026/09/30 09:18:53.828, 25038 MiB, 98 %
2026/09/30 09:18:54.829, 25038 MiB, 98 %
2026/09/30 09:18:55.832, 25038 MiB, 98 %
2026/09/30 09:18:56.837, 25038 MiB, 98 %
2026/09/30 09:18:57.844, 25038 MiB, 98 %
2026/09/30 09:18:58.844, 25038 MiB, 98 %
2026/09/30 09:18:59.845, 25038 MiB, 90 %
2026/09/30 09:19:00.855, 25038 MiB, 14 %
2026/09/30 09:19:01.855, 25040 MiB, 0 %
2026/09/30 09:19:02.857, 25040 MiB, 0 %
2026/09/30 09:19:03.857, 25040 MiB, 0 %
2026/09/30 09:19:04.858, 25040 MiB, 0 %
2026/09/30 09:19:05.859, 25040 MiB, 0 %
2026/09/30 09:19:06.869, 25040 MiB, 0 %
2026/09/30 09:19:07.869, 25040 MiB, 0 %
2026/09/30 09:19:08.870, 25040 MiB, 0 %
2026/09/30 09:19:09.870, 25040 MiB, 0 %
2026/09/30 09:19:10.871, 25040 MiB, 0 %
2026/09/30 09:19:11.871, 25040 MiB, 0 %
2026/09/30 09:19:12.877, 25040 MiB, 0 %
2026/09/30 09:19:13.880, 25040 MiB, 31 %
2026/09/30 09:19:14.881, 25040 MiB, 97 %
2026/09/30 09:19:15.882, 25040 MiB, 97 %
2026/09/30 09:19:16.892, 25040 MiB, 97 %
2026/09/30 09:19:17.892, 25040 MiB, 97 %
2026/09/30 09:19:18.896, 25040 MiB, 97 %
2026/09/30 09:19:19.903, 25040 MiB, 96 %
2026/09/30 09:19:20.903, 25040 MiB, 97 %
2026/09/30 09:19:21.904, 25040 MiB, 96 %
2026/09/30 09:19:22.908, 25040 MiB, 97 %
2026/09/30 09:19:23.909, 25040 MiB, 96 %
2026/09/30 09:19:24.909, 25040 MiB, 97 %
2026/09/30 09:19:25.914, 25040 MiB, 97 %
2026/09/30 09:19:26.923, 25040 MiB, 96 %
2026/09/30 09:19:27.924, 25040 MiB, 97 %
2026/09/30 09:19:28.924, 25040 MiB, 97 %
2026/09/30 09:19:29.925, 25040 MiB, 96 %
2026/09/30 09:19:30.927, 25040 MiB, 96 %
2026/09/30 09:19:31.929, 25040 MiB, 97 %
2026/09/30 09:19:32.929, 25040 MiB, 97 %
2026/09/30 09:19:33.935, 25040 MiB, 24 %
2026/09/30 09:19:34.936, 25040 MiB, 96 %
2026/09/30 09:19:35.937, 25040 MiB, 96 %
2026/09/30 09:19:36.937, 25040 MiB, 96 %
2026/09/30 09:19:37.943, 25040 MiB, 96 %
2026/09/30 09:19:38.947, 25040 MiB, 96 %
2026/09/30 09:19:39.954, 25040 MiB, 96 %
2026/09/30 09:19:40.955, 25040 MiB, 96 %
2026/09/30 09:19:41.956, 25040 MiB, 96 %
2026/09/30 09:19:42.960, 25040 MiB, 96 %
2026/09/30 09:19:43.960, 25040 MiB, 96 %
2026/09/30 09:19:44.961, 25040 MiB, 96 %
2026/09/30 09:19:45.962, 25040 MiB, 95 %
2026/09/30 09:19:46.968, 25040 MiB, 95 %
2026/09/30 09:19:47.971, 25040 MiB, 96 %
2026/09/30 09:19:48.977, 25040 MiB, 96 %
2026/09/30 09:19:49.978, 25040 MiB, 96 %
2026/09/30 09:19:50.978, 25040 MiB, 97 %
2026/09/30 09:19:51.984, 25040 MiB, 95 %
2026/09/30 09:19:52.989, 25040 MiB, 96 %
2026/09/30 09:19:53.990, 25040 MiB, 96 %
2026/09/30 09:19:54.990, 25040 MiB, 95 %
2026/09/30 09:19:55.991, 25040 MiB, 96 %
2026/09/30 09:19:56.991, 25040 MiB, 97 %
2026/09/30 09:19:57.992, 25040 MiB, 0 %
2026/09/30 09:19:58.993, 25040 MiB, 27 %
2026/09/30 09:20:00.001, 25040 MiB, 85 %
2026/09/30 09:20:01.002, 25040 MiB, 95 %
2026/09/30 09:20:02.006, 25040 MiB, 95 %
2026/09/30 09:20:03.018, 25040 MiB, 95 %
2026/09/30 09:20:04.021, 25040 MiB, 95 %
2026/09/30 09:20:05.026, 25040 MiB, 95 %
2026/09/30 09:20:06.027, 25040 MiB, 96 %
2026/09/30 09:20:07.027, 25040 MiB, 96 %
2026/09/30 09:20:08.039, 25040 MiB, 95 %
2026/09/30 09:20:09.044, 25040 MiB, 96 %
2026/09/30 09:20:10.045, 25040 MiB, 94 %
2026/09/30 09:20:11.053, 25040 MiB, 95 %
2026/09/30 09:20:12.056, 25040 MiB, 95 %
2026/09/30 09:20:13.060, 25040 MiB, 95 %
2026/09/30 09:20:14.060, 25040 MiB, 96 %
2026/09/30 09:20:15.062, 25040 MiB, 96 %
2026/09/30 09:20:16.069, 25040 MiB, 96 %
2026/09/30 09:20:17.070, 25040 MiB, 96 %
2026/09/30 09:20:18.073, 25040 MiB, 96 %
2026/09/30 09:20:19.078, 25040 MiB, 95 %
2026/09/30 09:20:20.087, 25040 MiB, 95 %
2026/09/30 09:20:21.093, 25040 MiB, 95 %
2026/09/30 09:20:22.094, 25040 MiB, 95 %
2026/09/30 09:20:23.094, 25040 MiB, 95 %
2026/09/30 09:20:24.101, 25040 MiB, 95 %
2026/09/30 09:20:25.101, 25040 MiB, 95 %
2026/09/30 09:20:26.102, 25040 MiB, 95 %
2026/09/30 09:20:27.103, 25040 MiB, 95 %
2026/09/30 09:20:28.105, 25040 MiB, 93 %
2026/09/30 09:20:29.106, 25040 MiB, 0 %
2026/09/30 09:20:30.110, 25040 MiB, 79 %
2026/09/30 09:20:31.113, 25040 MiB, 98 %
2026/09/30 09:20:32.114, 25040 MiB, 98 %
2026/09/30 09:20:33.114, 25040 MiB, 98 %
2026/09/30 09:20:34.115, 25040 MiB, 98 %
2026/09/30 09:20:35.119, 25040 MiB, 98 %
2026/09/30 09:20:36.119, 25040 MiB, 98 %
2026/09/30 09:20:37.120, 25040 MiB, 90 %
2026/09/30 09:20:38.123, 25040 MiB, 98 %
2026/09/30 09:20:39.125, 25040 MiB, 98 %
2026/09/30 09:20:40.128, 25040 MiB, 98 %
2026/09/30 09:20:41.129, 25040 MiB, 98 %
2026/09/30 09:20:42.129, 25040 MiB, 98 %
2026/09/30 09:20:43.130, 25040 MiB, 98 %
2026/09/30 09:20:44.134, 25040 MiB, 98 %
2026/09/30 09:20:45.134, 25040 MiB, 98 %
2026/09/30 09:20:46.135, 25040 MiB, 20 %
2026/09/30 09:20:47.137, 25040 MiB, 97 %
2026/09/30 09:20:48.138, 25040 MiB, 97 %
2026/09/30 09:20:49.138, 25040 MiB, 97 %
2026/09/30 09:20:50.141, 25040 MiB, 97 %
2026/09/30 09:20:51.149, 25040 MiB, 97 %
2026/09/30 09:20:52.149, 25040 MiB, 97 %
2026/09/30 09:20:53.150, 25040 MiB, 97 %
2026/09/30 09:20:54.153, 25040 MiB, 97 %
2026/09/30 09:20:55.157, 25040 MiB, 95 %
2026/09/30 09:20:56.157, 25040 MiB, 97 %
2026/09/30 09:20:57.158, 25040 MiB, 97 %
2026/09/30 09:20:58.159, 25040 MiB, 97 %
2026/09/30 09:20:59.168, 25040 MiB, 97 %
2026/09/30 09:21:00.174, 25040 MiB, 97 %
2026/09/30 09:21:01.175, 25040 MiB, 97 %
2026/09/30 09:21:02.182, 25040 MiB, 97 %
2026/09/30 09:21:03.190, 25040 MiB, 98 %
2026/09/30 09:21:04.190, 25040 MiB, 97 %
2026/09/30 09:21:05.191, 25040 MiB, 97 %
2026/09/30 09:21:06.194, 25040 MiB, 14 %
2026/09/30 09:21:07.195, 25040 MiB, 55 %
2026/09/30 09:21:08.195, 25040 MiB, 97 %
2026/09/30 09:21:09.196, 25040 MiB, 96 %
2026/09/30 09:21:10.198, 25040 MiB, 97 %
2026/09/30 09:21:11.214, 25040 MiB, 96 %
2026/09/30 09:21:12.214, 25040 MiB, 97 %
2026/09/30 09:21:13.222, 25040 MiB, 96 %
2026/09/30 09:21:14.232, 25040 MiB, 97 %
2026/09/30 09:21:15.236, 25040 MiB, 96 %
2026/09/30 09:21:16.239, 25040 MiB, 96 %
2026/09/30 09:21:17.240, 25040 MiB, 96 %
2026/09/30 09:21:18.243, 25040 MiB, 96 %
2026/09/30 09:21:19.247, 25040 MiB, 97 %
2026/09/30 09:21:20.247, 25040 MiB, 96 %
2026/09/30 09:21:21.248, 25040 MiB, 96 %
2026/09/30 09:21:22.254, 25040 MiB, 96 %
2026/09/30 09:21:23.255, 25040 MiB, 96 %
2026/09/30 09:21:24.259, 25040 MiB, 96 %
2026/09/30 09:21:25.266, 25040 MiB, 96 %
2026/09/30 09:21:26.266, 25040 MiB, 96 %
2026/09/30 09:21:27.275, 25040 MiB, 96 %
2026/09/30 09:21:28.280, 25040 MiB, 97 %
2026/09/30 09:21:29.282, 25040 MiB, 97 %
2026/09/30 09:21:30.283, 25040 MiB, 96 %
2026/09/30 09:21:31.284, 25040 MiB, 12 %
2026/09/30 09:21:32.284, 25040 MiB, 24 %
2026/09/30 09:21:33.289, 25040 MiB, 96 %
2026/09/30 09:21:34.289, 25040 MiB, 96 %
2026/09/30 09:21:35.300, 25040 MiB, 96 %
2026/09/30 09:21:36.300, 25040 MiB, 96 %
2026/09/30 09:21:37.301, 25040 MiB, 96 %
2026/09/30 09:21:38.305, 25040 MiB, 96 %
2026/09/30 09:21:39.313, 25040 MiB, 96 %
2026/09/30 09:21:40.317, 25040 MiB, 96 %
2026/09/30 09:21:41.323, 25040 MiB, 96 %
2026/09/30 09:21:42.331, 25040 MiB, 96 %
2026/09/30 09:21:43.331, 25040 MiB, 96 %
2026/09/30 09:21:44.332, 25040 MiB, 96 %
2026/09/30 09:21:45.333, 25040 MiB, 96 %
2026/09/30 09:21:46.340, 25040 MiB, 96 %
2026/09/30 09:21:47.346, 25040 MiB, 96 %
2026/09/30 09:21:48.347, 25040 MiB, 96 %
2026/09/30 09:21:49.352, 25040 MiB, 96 %
2026/09/30 09:21:50.357, 25040 MiB, 96 %
2026/09/30 09:21:51.358, 25040 MiB, 96 %
2026/09/30 09:21:52.358, 25040 MiB, 95 %
2026/09/30 09:21:53.360, 25040 MiB, 96 %
2026/09/30 09:21:54.361, 25040 MiB, 96 %
2026/09/30 09:21:55.361, 25040 MiB, 96 %
2026/09/30 09:21:56.369, 25040 MiB, 96 %
2026/09/30 09:21:57.374, 25040 MiB, 96 %
2026/09/30 09:21:58.376, 25040 MiB, 96 %
2026/09/30 09:21:59.376, 25040 MiB, 96 %
2026/09/30 09:22:00.377, 25040 MiB, 97 %
2026/09/30 09:22:01.381, 25040 MiB, 0 %
2026/09/30 09:22:02.383, 25040 MiB, 0 %
2026/09/30 09:22:03.385, 25144 MiB, 1 %
2026/09/30 09:22:04.391, 25234 MiB, 99 %
2026/09/30 09:22:05.392, 25234 MiB, 100 %
2026/09/30 09:22:06.392, 25234 MiB, 77 %
2026/09/30 09:22:07.393, 25234 MiB, 100 %
2026/09/30 09:22:08.394, 25234 MiB, 100 %
2026/09/30 09:22:09.398, 25234 MiB, 99 %
2026/09/30 09:22:10.401, 25234 MiB, 100 %
2026/09/30 09:22:11.407, 25234 MiB, 100 %
2026/09/30 09:22:12.411, 25234 MiB, 24 %
2026/09/30 09:22:13.419, 25234 MiB, 100 %
2026/09/30 09:22:14.435, 25234 MiB, 100 %
2026/09/30 09:22:15.436, 25234 MiB, 99 %
2026/09/30 09:22:16.436, 25234 MiB, 100 %
2026/09/30 09:22:17.437, 25234 MiB, 79 %
2026/09/30 09:22:18.442, 25234 MiB, 100 %
2026/09/30 09:22:19.443, 25234 MiB, 96 %
2026/09/30 09:22:20.443, 25234 MiB, 96 %
2026/09/30 09:22:21.444, 25234 MiB, 89 %
2026/09/30 09:22:22.444, 25234 MiB, 96 %
2026/09/30 09:22:23.448, 25234 MiB, 96 %
2026/09/30 09:22:24.449, 25234 MiB, 95 %
2026/09/30 09:22:25.451, 25234 MiB, 96 %
2026/09/30 09:22:26.454, 25234 MiB, 96 %
2026/09/30 09:22:27.459, 25234 MiB, 96 %
2026/09/30 09:22:28.461, 25234 MiB, 96 %
2026/09/30 09:22:29.466, 25234 MiB, 96 %
2026/09/30 09:22:30.466, 25234 MiB, 96 %
2026/09/30 09:22:31.467, 25234 MiB, 96 %
2026/09/30 09:22:32.476, 25234 MiB, 96 %
2026/09/30 09:22:33.478, 25234 MiB, 96 %
2026/09/30 09:22:34.481, 25234 MiB, 96 %
2026/09/30 09:22:35.485, 25234 MiB, 96 %
2026/09/30 09:22:36.488, 25234 MiB, 92 %
2026/09/30 09:22:37.489, 25234 MiB, 96 %
2026/09/30 09:22:38.493, 25234 MiB, 96 %
2026/09/30 09:22:39.494, 25234 MiB, 96 %
2026/09/30 09:22:40.494, 25234 MiB, 96 %
2026/09/30 09:22:41.495, 25234 MiB, 96 %
2026/09/30 09:22:42.496, 25234 MiB, 96 %
2026/09/30 09:22:43.501, 25234 MiB, 94 %
2026/09/30 09:22:44.502, 25234 MiB, 96 %
2026/09/30 09:22:45.502, 25234 MiB, 97 %
2026/09/30 09:22:46.505, 25234 MiB, 97 %
2026/09/30 09:22:47.505, 25234 MiB, 97 %
2026/09/30 09:22:48.509, 25234 MiB, 96 %
2026/09/30 09:22:49.510, 25234 MiB, 100 %
2026/09/30 09:22:50.510, 25234 MiB, 35 %
2026/09/30 09:22:51.511, 25234 MiB, 28 %
2026/09/30 09:22:52.515, 25234 MiB, 43 %
2026/09/30 09:22:53.519, 25234 MiB, 77 %
2026/09/30 09:22:54.519, 25234 MiB, 58 %
2026/09/30 09:22:55.520, 25234 MiB, 100 %
2026/09/30 09:22:56.520, 25234 MiB, 96 %
2026/09/30 09:22:57.524, 25234 MiB, 96 %
2026/09/30 09:22:58.532, 25234 MiB, 96 %
2026/09/30 09:22:59.535, 25234 MiB, 96 %
2026/09/30 09:23:00.538, 25234 MiB, 96 %
2026/09/30 09:23:01.544, 25234 MiB, 97 %
2026/09/30 09:23:02.546, 25234 MiB, 96 %
2026/09/30 09:23:03.547, 25234 MiB, 96 %
2026/09/30 09:23:04.548, 25234 MiB, 96 %
2026/09/30 09:23:05.549, 25234 MiB, 96 %
2026/09/30 09:23:06.549, 25234 MiB, 96 %
2026/09/30 09:23:07.556, 25234 MiB, 97 %
2026/09/30 09:23:08.558, 25234 MiB, 96 %
2026/09/30 09:23:09.565, 25234 MiB, 96 %
2026/09/30 09:23:10.572, 25234 MiB, 91 %
2026/09/30 09:23:11.573, 25234 MiB, 33 %
2026/09/30 09:23:12.580, 25234 MiB, 76 %
2026/09/30 09:23:13.587, 25234 MiB, 96 %
2026/09/30 09:23:14.592, 25234 MiB, 92 %
2026/09/30 09:23:15.593, 25234 MiB, 100 %
2026/09/30 09:23:16.593, 25234 MiB, 100 %
2026/09/30 09:23:17.597, 25234 MiB, 96 %
2026/09/30 09:23:18.599, 25234 MiB, 96 %
2026/09/30 09:23:19.599, 25234 MiB, 96 %
2026/09/30 09:23:20.600, 25234 MiB, 96 %
2026/09/30 09:23:21.600, 25234 MiB, 96 %
2026/09/30 09:23:22.601, 25234 MiB, 97 %
2026/09/30 09:23:23.602, 25234 MiB, 96 %
2026/09/30 09:23:24.605, 25234 MiB, 97 %
2026/09/30 09:23:25.608, 25234 MiB, 97 %
2026/09/30 09:23:26.609, 25234 MiB, 97 %
2026/09/30 09:23:27.615, 25234 MiB, 97 %
2026/09/30 09:23:28.615, 25234 MiB, 100 %
2026/09/30 09:23:29.616, 25234 MiB, 100 %
2026/09/30 09:23:30.625, 25234 MiB, 96 %
2026/09/30 09:23:31.631, 25234 MiB, 96 %
2026/09/30 09:23:32.634, 25234 MiB, 100 %
2026/09/30 09:23:33.637, 25234 MiB, 79 %
2026/09/30 09:23:34.637, 25234 MiB, 96 %
2026/09/30 09:23:35.640, 25234 MiB, 96 %
2026/09/30 09:23:36.645, 25234 MiB, 96 %
2026/09/30 09:23:37.648, 25234 MiB, 97 %
2026/09/30 09:23:38.649, 25234 MiB, 100 %
2026/09/30 09:23:39.651, 25234 MiB, 41 %
2026/09/30 09:23:40.658, 25234 MiB, 97 %
2026/09/30 09:23:41.659, 25234 MiB, 97 %
2026/09/30 09:23:42.665, 25234 MiB, 100 %
2026/09/30 09:23:43.666, 25234 MiB, 100 %
2026/09/30 09:23:44.667, 25234 MiB, 96 %
2026/09/30 09:23:45.669, 25234 MiB, 96 %
2026/09/30 09:23:46.671, 25234 MiB, 96 %
2026/09/30 09:23:47.673, 25234 MiB, 96 %
2026/09/30 09:23:48.676, 25234 MiB, 96 %
2026/09/30 09:23:49.681, 25234 MiB, 97 %
2026/09/30 09:23:50.682, 25234 MiB, 97 %
2026/09/30 09:23:51.682, 25234 MiB, 96 %
2026/09/30 09:23:52.689, 25234 MiB, 96 %
2026/09/30 09:23:53.694, 25234 MiB, 97 %
2026/09/30 09:23:54.694, 25234 MiB, 97 %
2026/09/30 09:23:55.695, 25234 MiB, 97 %
2026/09/30 09:23:56.701, 25234 MiB, 97 %
2026/09/30 09:23:57.705, 25234 MiB, 97 %
2026/09/30 09:23:58.710, 25234 MiB, 97 %
2026/09/30 09:23:59.713, 25234 MiB, 96 %
2026/09/30 09:24:00.722, 25234 MiB, 97 %
2026/09/30 09:24:01.726, 25234 MiB, 100 %
2026/09/30 09:24:02.730, 25234 MiB, 58 %
2026/09/30 09:24:03.734, 25234 MiB, 96 %
2026/09/30 09:24:04.740, 25234 MiB, 96 %
2026/09/30 09:24:05.744, 25234 MiB, 56 %
2026/09/30 09:24:06.748, 25234 MiB, 29 %
2026/09/30 09:24:07.748, 25234 MiB, 82 %
2026/09/30 09:24:08.749, 25234 MiB, 96 %
2026/09/30 09:24:09.754, 25234 MiB, 96 %
2026/09/30 09:24:10.755, 25234 MiB, 93 %
2026/09/30 09:24:11.757, 25234 MiB, 55 %
2026/09/30 09:24:12.758, 25234 MiB, 52 %
2026/09/30 09:24:13.759, 25234 MiB, 96 %
2026/09/30 09:24:14.759, 25234 MiB, 19 %
2026/09/30 09:24:15.761, 25234 MiB, 100 %
2026/09/30 09:24:16.768, 25234 MiB, 92 %
2026/09/30 09:24:17.772, 25234 MiB, 96 %
2026/09/30 09:24:18.780, 25234 MiB, 97 %
2026/09/30 09:24:19.783, 25234 MiB, 96 %
2026/09/30 09:24:20.789, 25234 MiB, 96 %
2026/09/30 09:24:21.792, 25234 MiB, 96 %
2026/09/30 09:24:22.799, 25234 MiB, 96 %
2026/09/30 09:24:23.803, 25234 MiB, 95 %
2026/09/30 09:24:24.803, 25234 MiB, 95 %
2026/09/30 09:24:25.809, 25234 MiB, 95 %
2026/09/30 09:24:26.809, 25234 MiB, 16 %
2026/09/30 09:24:27.811, 25234 MiB, 100 %
2026/09/30 09:24:28.811, 25234 MiB, 100 %
2026/09/30 09:24:29.812, 25234 MiB, 94 %
2026/09/30 09:24:30.814, 25234 MiB, 95 %
2026/09/30 09:24:31.815, 25234 MiB, 97 %
2026/09/30 09:24:32.816, 25234 MiB, 97 %
2026/09/30 09:24:33.822, 25234 MiB, 97 %
2026/09/30 09:24:34.823, 25234 MiB, 97 %
2026/09/30 09:24:35.824, 25234 MiB, 100 %
2026/09/30 09:24:36.824, 25234 MiB, 25 %
2026/09/30 09:24:37.828, 25234 MiB, 80 %
2026/09/30 09:24:38.828, 25234 MiB, 95 %
2026/09/30 09:24:39.834, 25234 MiB, 97 %
2026/09/30 09:24:40.835, 25234 MiB, 96 %
2026/09/30 09:24:41.837, 25234 MiB, 95 %
2026/09/30 09:24:42.842, 25234 MiB, 97 %
2026/09/30 09:24:43.846, 25234 MiB, 97 %
2026/09/30 09:24:44.847, 25234 MiB, 96 %
2026/09/30 09:24:45.854, 25234 MiB, 96 %
2026/09/30 09:24:46.855, 25234 MiB, 13 %
2026/09/30 09:24:47.858, 25234 MiB, 99 %
2026/09/30 09:24:48.858, 25234 MiB, 93 %
2026/09/30 09:24:49.859, 25234 MiB, 96 %
2026/09/30 09:24:50.859, 25234 MiB, 96 %
2026/09/30 09:24:51.863, 25234 MiB, 97 %
2026/09/30 09:24:52.867, 25234 MiB, 96 %
2026/09/30 09:24:53.869, 25234 MiB, 22 %
2026/09/30 09:24:54.869, 25234 MiB, 99 %
2026/09/30 09:24:55.871, 25234 MiB, 92 %
2026/09/30 09:24:56.878, 25234 MiB, 97 %
2026/09/30 09:24:57.879, 25234 MiB, 96 %
2026/09/30 09:24:58.879, 25234 MiB, 93 %
2026/09/30 09:24:59.888, 25234 MiB, 94 %
2026/09/30 09:25:00.891, 25234 MiB, 96 %
2026/09/30 09:25:01.895, 25234 MiB, 93 %
2026/09/30 09:25:02.897, 25234 MiB, 93 %
2026/09/30 09:25:03.899, 25234 MiB, 92 %
2026/09/30 09:25:04.900, 25234 MiB, 94 %
2026/09/30 09:25:05.901, 25234 MiB, 94 %
2026/09/30 09:25:06.902, 25234 MiB, 93 %
2026/09/30 09:25:07.908, 25234 MiB, 91 %
2026/09/30 09:25:08.912, 25234 MiB, 94 %
2026/09/30 09:25:09.919, 25234 MiB, 94 %
2026/09/30 09:25:10.921, 25234 MiB, 94 %
2026/09/30 09:25:11.927, 25234 MiB, 43 %
2026/09/30 09:25:12.933, 25234 MiB, 0 %
2026/09/30 09:25:13.940, 25234 MiB, 100 %
2026/09/30 09:25:14.941, 25234 MiB, 99 %
2026/09/30 09:25:15.941, 25234 MiB, 83 %
2026/09/30 09:25:16.942, 25234 MiB, 93 %
2026/09/30 09:25:17.947, 25234 MiB, 92 %
2026/09/30 09:25:18.952, 25234 MiB, 97 %
2026/09/30 09:25:19.954, 25234 MiB, 97 %
2026/09/30 09:25:20.956, 25234 MiB, 97 %
2026/09/30 09:25:21.957, 25234 MiB, 97 %
2026/09/30 09:25:22.958, 25234 MiB, 97 %
2026/09/30 09:25:23.959, 25234 MiB, 97 %
2026/09/30 09:25:24.959, 25234 MiB, 97 %
2026/09/30 09:25:25.960, 25234 MiB, 97 %
2026/09/30 09:25:26.966, 25234 MiB, 97 %
2026/09/30 09:25:27.974, 25234 MiB, 97 %
2026/09/30 09:25:28.975, 25234 MiB, 98 %
2026/09/30 09:25:29.981, 25234 MiB, 0 %
2026/09/30 09:25:30.987, 25234 MiB, 27 %
2026/09/30 09:25:31.990, 25234 MiB, 100 %
2026/09/30 09:25:32.991, 25234 MiB, 100 %
2026/09/30 09:25:33.991, 25234 MiB, 96 %
2026/09/30 09:25:34.995, 25234 MiB, 97 %
2026/09/30 09:25:35.996, 25234 MiB, 97 %
2026/09/30 09:25:37.000, 25234 MiB, 97 %
2026/09/30 09:25:38.001, 25234 MiB, 97 %
2026/09/30 09:25:39.001, 25234 MiB, 98 %
2026/09/30 09:25:40.010, 25234 MiB, 98 %
2026/09/30 09:25:41.012, 25234 MiB, 98 %
2026/09/30 09:25:42.013, 25234 MiB, 98 %
2026/09/30 09:25:43.016, 25234 MiB, 98 %
2026/09/30 09:25:44.017, 25234 MiB, 93 %
2026/09/30 09:25:45.021, 25234 MiB, 98 %
2026/09/30 09:25:46.021, 25234 MiB, 98 %
2026/09/30 09:25:47.032, 25234 MiB, 98 %
2026/09/30 09:25:48.032, 25234 MiB, 98 %
2026/09/30 09:25:49.044, 25234 MiB, 98 %
2026/09/30 09:25:50.045, 25234 MiB, 98 %
2026/09/30 09:25:51.050, 25234 MiB, 98 %
2026/09/30 09:25:52.050, 25234 MiB, 98 %
2026/09/30 09:25:53.053, 25234 MiB, 0 %
2026/09/30 09:25:54.055, 25234 MiB, 0 %
2026/09/30 09:25:55.056, 25234 MiB, 50 %
2026/09/30 09:25:56.060, 25234 MiB, 100 %
2026/09/30 09:25:57.063, 25234 MiB, 99 %
2026/09/30 09:25:58.064, 25234 MiB, 100 %
2026/09/30 09:25:59.067, 25234 MiB, 100 %
2026/09/30 09:26:00.068, 25234 MiB, 99 %
2026/09/30 09:26:01.068, 25234 MiB, 100 %
2026/09/30 09:26:02.070, 25234 MiB, 84 %
2026/09/30 09:26:03.073, 25234 MiB, 100 %
2026/09/30 09:26:04.082, 25234 MiB, 100 %
2026/09/30 09:26:05.091, 25234 MiB, 91 %
2026/09/30 09:26:06.091, 25234 MiB, 100 %
2026/09/30 09:26:07.092, 25234 MiB, 100 %
2026/09/30 09:26:08.092, 25234 MiB, 100 %
2026/09/30 09:26:09.093, 25234 MiB, 95 %
2026/09/30 09:26:10.094, 25234 MiB, 100 %
2026/09/30 09:26:11.098, 25234 MiB, 100 %
2026/09/30 09:26:12.099, 25234 MiB, 90 %
2026/09/30 09:26:13.101, 25234 MiB, 100 %
2026/09/30 09:26:14.103, 25234 MiB, 100 %
2026/09/30 09:26:15.103, 25234 MiB, 99 %
2026/09/30 09:26:16.111, 25234 MiB, 100 %
2026/09/30 09:26:17.111, 25234 MiB, 100 %
2026/09/30 09:26:18.116, 25234 MiB, 100 %
2026/09/30 09:26:19.117, 25234 MiB, 100 %
2026/09/30 09:26:20.123, 25234 MiB, 99 %
2026/09/30 09:26:21.128, 25234 MiB, 100 %
2026/09/30 09:26:22.129, 25234 MiB, 100 %
2026/09/30 09:26:23.132, 25234 MiB, 36 %
2026/09/30 09:26:24.140, 25234 MiB, 100 %
2026/09/30 09:26:25.140, 25234 MiB, 100 %
2026/09/30 09:26:26.143, 25234 MiB, 99 %
2026/09/30 09:26:27.147, 25234 MiB, 100 %
2026/09/30 09:26:28.147, 25234 MiB, 100 %
2026/09/30 09:26:29.148, 25234 MiB, 100 %
2026/09/30 09:26:30.149, 25234 MiB, 100 %
2026/09/30 09:26:31.152, 25234 MiB, 100 %
2026/09/30 09:26:32.156, 25234 MiB, 100 %
2026/09/30 09:26:33.156, 25234 MiB, 100 %
2026/09/30 09:26:34.160, 25234 MiB, 100 %
2026/09/30 09:26:35.161, 25234 MiB, 100 %
2026/09/30 09:26:36.166, 25234 MiB, 100 %
2026/09/30 09:26:37.168, 25234 MiB, 100 %
2026/09/30 09:26:38.169, 25234 MiB, 60 %
2026/09/30 09:26:39.177, 25234 MiB, 99 %
2026/09/30 09:26:40.177, 25234 MiB, 100 %
2026/09/30 09:26:41.183, 25234 MiB, 100 %
2026/09/30 09:26:42.188, 25234 MiB, 100 %
2026/09/30 09:26:43.194, 25234 MiB, 45 %
2026/09/30 09:26:44.195, 25234 MiB, 100 %
2026/09/30 09:26:45.195, 25234 MiB, 100 %
2026/09/30 09:26:46.196, 25234 MiB, 100 %
2026/09/30 09:26:47.196, 25234 MiB, 100 %
2026/09/30 09:26:48.200, 25234 MiB, 21 %
2026/09/30 09:26:49.201, 25234 MiB, 99 %
2026/09/30 09:26:50.204, 25234 MiB, 100 %
2026/09/30 09:26:51.208, 25234 MiB, 100 %
2026/09/30 09:26:52.215, 25234 MiB, 100 %
2026/09/30 09:26:53.219, 25234 MiB, 97 %
2026/09/30 09:26:54.220, 25234 MiB, 100 %
2026/09/30 09:26:55.221, 25234 MiB, 100 %
2026/09/30 09:26:56.222, 25234 MiB, 100 %
2026/09/30 09:26:57.225, 25234 MiB, 100 %
2026/09/30 09:26:58.233, 25234 MiB, 100 %
2026/09/30 09:26:59.233, 25234 MiB, 100 %
2026/09/30 09:27:00.239, 25234 MiB, 46 %
2026/09/30 09:27:01.239, 25234 MiB, 99 %
2026/09/30 09:27:02.244, 25234 MiB, 100 %
2026/09/30 09:27:03.245, 25234 MiB, 100 %
2026/09/30 09:27:04.246, 25234 MiB, 99 %
2026/09/30 09:27:05.248, 25234 MiB, 100 %
2026/09/30 09:27:06.252, 25234 MiB, 100 %
2026/09/30 09:27:07.256, 25234 MiB, 100 %
2026/09/30 09:27:08.257, 25234 MiB, 96 %
2026/09/30 09:27:09.257, 25234 MiB, 100 %
2026/09/30 09:27:10.258, 25234 MiB, 100 %
2026/09/30 09:27:11.258, 25234 MiB, 97 %
2026/09/30 09:27:12.261, 25234 MiB, 100 %
2026/09/30 09:27:13.264, 25234 MiB, 100 %
2026/09/30 09:27:14.264, 25234 MiB, 100 %
2026/09/30 09:27:15.267, 25234 MiB, 100 %
2026/09/30 09:27:16.269, 25234 MiB, 100 %
2026/09/30 09:27:17.277, 25234 MiB, 99 %
2026/09/30 09:27:18.280, 25234 MiB, 100 %
2026/09/30 09:27:19.281, 25234 MiB, 99 %
2026/09/30 09:27:20.282, 25234 MiB, 100 %
2026/09/30 09:27:21.283, 25234 MiB, 67 %
2026/09/30 09:27:22.284, 25234 MiB, 0 %
2026/09/30 09:27:23.285, 25234 MiB, 100 %
2026/09/30 09:27:24.286, 25234 MiB, 100 %
2026/09/30 09:27:25.291, 25234 MiB, 99 %
2026/09/30 09:27:26.296, 25234 MiB, 99 %
2026/09/30 09:27:27.296, 25234 MiB, 100 %
2026/09/30 09:27:28.306, 25234 MiB, 100 %
2026/09/30 09:27:29.319, 25234 MiB, 100 %
2026/09/30 09:27:30.324, 25234 MiB, 100 %
2026/09/30 09:27:31.328, 25234 MiB, 66 %
2026/09/30 09:27:32.334, 25234 MiB, 99 %
2026/09/30 09:27:33.341, 25234 MiB, 100 %
2026/09/30 09:27:34.348, 25234 MiB, 100 %
2026/09/30 09:27:35.349, 25234 MiB, 22 %
2026/09/30 09:27:36.353, 25234 MiB, 100 %
2026/09/30 09:27:37.357, 25234 MiB, 100 %
2026/09/30 09:27:38.357, 25234 MiB, 100 %
2026/09/30 09:27:39.358, 25234 MiB, 0 %
2026/09/30 09:27:40.361, 25234 MiB, 100 %
2026/09/30 09:27:41.369, 25234 MiB, 100 %
2026/09/30 09:27:42.375, 25234 MiB, 100 %
2026/09/30 09:27:43.379, 25234 MiB, 97 %
2026/09/30 09:27:44.382, 25234 MiB, 100 %
2026/09/30 09:27:45.387, 25234 MiB, 100 %
2026/09/30 09:27:46.390, 25234 MiB, 100 %
2026/09/30 09:27:47.394, 25234 MiB, 100 %
2026/09/30 09:27:48.400, 25234 MiB, 100 %
2026/09/30 09:27:49.403, 25234 MiB, 99 %
2026/09/30 09:27:50.407, 25234 MiB, 100 %
2026/09/30 09:27:51.408, 25234 MiB, 100 %
2026/09/30 09:27:52.408, 25234 MiB, 100 %
2026/09/30 09:27:53.412, 25234 MiB, 100 %
2026/09/30 09:27:54.419, 25234 MiB, 100 %
2026/09/30 09:27:55.426, 25234 MiB, 99 %
2026/09/30 09:27:56.426, 25234 MiB, 100 %
2026/09/30 09:27:57.427, 25234 MiB, 100 %
2026/09/30 09:27:58.427, 25234 MiB, 100 %
2026/09/30 09:27:59.428, 25234 MiB, 100 %
2026/09/30 09:28:00.432, 25234 MiB, 99 %
2026/09/30 09:28:01.436, 25234 MiB, 100 %
2026/09/30 09:28:02.438, 25234 MiB, 100 %
2026/09/30 09:28:03.438, 25234 MiB, 100 %
2026/09/30 09:28:04.440, 25234 MiB, 100 %
2026/09/30 09:28:05.440, 25234 MiB, 99 %
2026/09/30 09:28:06.449, 25234 MiB, 100 %
2026/09/30 09:28:07.456, 25234 MiB, 100 %
2026/09/30 09:28:08.457, 25234 MiB, 100 %
2026/09/30 09:28:09.461, 25234 MiB, 50 %
2026/09/30 09:28:10.463, 25234 MiB, 0 %
2026/09/30 09:28:11.472, 25234 MiB, 2 %
2026/09/30 09:28:12.473, 25234 MiB, 0 %
2026/09/30 09:28:13.473, 25234 MiB, 0 %
2026/09/30 09:28:14.474, 25234 MiB, 83 %
2026/09/30 09:28:15.478, 25234 MiB, 100 %
2026/09/30 09:28:16.478, 25234 MiB, 100 %
2026/09/30 09:28:17.484, 25234 MiB, 100 %
2026/09/30 09:28:18.489, 25234 MiB, 100 %
2026/09/30 09:28:19.490, 25234 MiB, 99 %
2026/09/30 09:28:20.493, 25234 MiB, 100 %
2026/09/30 09:28:21.493, 25234 MiB, 100 %
2026/09/30 09:28:22.497, 25234 MiB, 100 %
2026/09/30 09:28:23.498, 25234 MiB, 100 %
2026/09/30 09:28:24.502, 25234 MiB, 100 %
2026/09/30 09:28:25.502, 25234 MiB, 99 %
2026/09/30 09:28:26.503, 25234 MiB, 100 %
2026/09/30 09:28:27.504, 25234 MiB, 100 %
2026/09/30 09:28:28.509, 25234 MiB, 100 %
2026/09/30 09:28:29.515, 25234 MiB, 100 %
2026/09/30 09:28:30.516, 25234 MiB, 100 %
2026/09/30 09:28:31.518, 25234 MiB, 96 %
2026/09/30 09:28:32.521, 25234 MiB, 100 %
2026/09/30 09:28:33.527, 25234 MiB, 100 %
2026/09/30 09:28:34.527, 25234 MiB, 100 %
2026/09/30 09:28:35.528, 25234 MiB, 52 %
2026/09/30 09:28:36.528, 25234 MiB, 0 %
2026/09/30 09:28:37.529, 25234 MiB, 0 %
2026/09/30 09:28:38.534, 25234 MiB, 100 %
2026/09/30 09:28:39.535, 25234 MiB, 100 %
2026/09/30 09:28:40.535, 25234 MiB, 100 %
2026/09/30 09:28:41.536, 25234 MiB, 100 %
2026/09/30 09:28:42.538, 25234 MiB, 99 %
2026/09/30 09:28:43.541, 25234 MiB, 100 %
2026/09/30 09:28:44.549, 25234 MiB, 100 %
2026/09/30 09:28:45.550, 25234 MiB, 100 %
2026/09/30 09:28:46.550, 25234 MiB, 100 %
2026/09/30 09:28:47.554, 25234 MiB, 100 %
2026/09/30 09:28:48.555, 25234 MiB, 100 %
