hour_utc,seconds,strict_label,provisional_label,all_chat_provisional_label,strict_engaged_min,strict_idle_min,strict_strained_min,strict_unknown_min,provisional_engaged_min,provisional_idle_min,provisional_strained_min,provisional_unknown_min,gpu_state_missing_min,cabinet_missing_min,juniper_turns,other_chat_rows,outreach_sent
2026-09-26T01:00:00+00:00,3600.0,unknown,idle,idle,0.0,0.0,0.0,60.0,0.0,60.0,0.0,0.0,60.0,0.0,0,0,0
2026-09-26T02:00:00+00:00,3600.0,unknown,engaged,engaged,0.0,0.0,0.0,60.0,44.17,15.83,0.0,0.0,60.0,0.0,1,0,0
2026-09-26T03:00:00+00:00,3600.0,unknown,idle,idle,0.0,0.0,0.0,60.0,0.83,59.17,0.0,0.0,60.0,0.0,0,0,0
2026-09-26T04:00:00+00:00,3600.0,unknown,engaged,engaged,0.0,0.0,0.0,60.0,40.17,19.83,0.0,0.0,60.0,0.0,2,0,0
2026-09-26T05:00:00+00:00,3600.0,unknown,idle,idle,0.0,0.0,0.0,60.0,29.83,30.17,0.0,0.0,60.0,0.0,0,0,0
2026-09-26T06:00:00+00:00,3600.0,unknown,engaged,engaged,0.0,0.0,0.0,60.0,30.58,29.42,0.0,0.0,60.0,0.0,1,0,0
2026-09-26T07:00:00+00:00,3600.0,unknown,idle,idle,0.0,0.0,0.0,60.0,14.42,45.58,0.0,0.0,60.0,0.0,0,0,0
2026-09-26T08:00:00+00:00,3600.0,unknown,idle,idle,0.0,0.0,0.0,60.0,0.0,60.0,0.0,0.0,60.0,0.0,0,0,0
2026-09-26T09:00:00+00:00,3600.0,unknown,idle,idle,0.0,0.0,0.0,60.0,0.0,60.0,0.0,0.0,60.0,0.0,0,0,0
2026-09-26T10:00:00+00:00,3600.0,unknown,idle,idle,0.0,0.0,0.0,60.0,0.0,60.0,0.0,0.0,60.0,0.0,0,0,0
2026-09-26T11:00:00+00:00,3600.0,unknown,idle,idle,0.0,0.0,0.0,60.0,0.0,60.0,0.0,0.0,60.0,0.0,0,0,0
2026-09-26T12:00:00+00:00,3600.0,unknown,idle,idle,0.0,0.0,0.0,60.0,0.0,60.0,0.0,0.0,60.0,0.0,0,0,0
2026-09-26T13:00:00+00:00,3600.0,unknown,idle,idle,0.0,0.0,0.0,60.0,0.0,60.0,0.0,0.0,60.0,0.0,0,0,0
2026-09-26T14:00:00+00:00,3600.0,unknown,idle,engaged,0.0,0.0,0.0,60.0,0.0,60.0,0.0,0.0,60.0,0.0,0,2,2
2026-09-26T15:00:00+00:00,3600.0,unknown,idle,engaged,0.0,0.0,0.0,60.0,0.0,60.0,0.0,0.0,60.0,0.0,0,1,1
2026-09-26T16:00:00+00:00,3600.0,unknown,idle,engaged,0.0,0.0,0.0,60.0,0.0,60.0,0.0,0.0,60.0,0.0,0,1,1
2026-09-26T17:00:00+00:00,3600.0,unknown,idle,engaged,0.0,0.0,0.0,60.0,0.0,60.0,0.0,0.0,60.0,0.0,0,1,1
2026-09-26T18:00:00+00:00,3600.0,unknown,idle,idle,0.0,0.0,0.0,60.0,0.0,60.0,0.0,0.0,60.0,0.0,0,0,0
2026-09-26T19:00:00+00:00,3600.0,unknown,idle,idle,0.0,0.0,0.0,60.0,0.0,60.0,0.0,0.0,60.0,0.0,0,0,0
2026-09-26T20:00:00+00:00,3600.0,unknown,idle,idle,0.0,0.0,0.0,60.0,0.0,60.0,0.0,0.0,60.0,0.0,0,0,0
2026-09-26T21:00:00+00:00,3600.0,unknown,idle,idle,0.0,0.0,0.0,60.0,0.0,60.0,0.0,0.0,60.0,0.0,0,0,0
2026-09-26T22:00:00+00:00,3600.0,unknown,idle,idle,0.0,0.0,0.0,60.0,0.0,60.0,0.0,0.0,60.0,0.0,0,0,0
2026-09-26T23:00:00+00:00,3600.0,unknown,idle,idle,0.0,0.0,0.0,60.0,0.0,60.0,0.0,0.0,60.0,0.0,0,0,0
2026-09-27T00:00:00+00:00,3600.0,unknown,idle,idle,0.0,0.0,0.0,60.0,0.0,60.0,0.0,0.0,60.0,0.0,0,0,0
2026-09-27T01:00:00+00:00,3600.0,unknown,idle,idle,0.0,0.0,0.0,60.0,0.0,60.0,0.0,0.0,60.0,0.0,0,0,0
2026-09-27T02:00:00+00:00,3600.0,unknown,idle,idle,0.0,0.0,0.0,60.0,0.0,60.0,0.0,0.0,60.0,0.0,0,0,0
2026-09-27T03:00:00+00:00,3600.0,unknown,idle,idle,0.0,0.0,0.0,60.0,0.0,60.0,0.0,0.0,60.0,0.0,0,0,0
2026-09-27T04:00:00+00:00,3600.0,unknown,idle,idle,0.0,0.0,0.0,60.0,0.0,60.0,0.0,0.0,60.0,0.0,0,0,0
2026-09-27T05:00:00+00:00,3600.0,unknown,idle,idle,0.0,0.0,0.0,60.0,0.0,60.0,0.0,0.0,60.0,0.0,0,0,0
2026-09-27T06:00:00+00:00,3600.0,unknown,idle,idle,0.0,0.0,0.0,60.0,0.0,60.0,0.0,0.0,60.0,0.0,0,0,0
2026-09-27T07:00:00+00:00,3600.0,unknown,idle,idle,0.0,0.0,0.0,60.0,0.0,60.0,0.0,0.0,60.0,0.0,0,0,0
2026-09-27T08:00:00+00:00,3600.0,unknown,idle,idle,0.0,0.0,0.0,60.0,0.0,60.0,0.0,0.0,60.0,0.0,0,0,0
2026-09-27T09:00:00+00:00,3600.0,unknown,idle,idle,0.0,0.0,0.0,60.0,0.0,60.0,0.0,0.0,60.0,0.0,0,0,0
2026-09-27T10:00:00+00:00,3600.0,unknown,idle,idle,0.0,0.0,0.0,60.0,0.0,60.0,0.0,0.0,60.0,0.0,0,0,0
2026-09-27T11:00:00+00:00,3600.0,unknown,idle,idle,0.0,0.0,0.0,60.0,0.0,60.0,0.0,0.0,60.0,0.0,0,0,0
2026-09-27T12:00:00+00:00,3600.0,unknown,idle,idle,0.0,0.0,0.0,60.0,0.0,60.0,0.0,0.0,60.0,0.0,0,0,0
2026-09-27T13:00:00+00:00,3600.0,unknown,idle,idle,0.0,0.0,0.0,60.0,0.0,60.0,0.0,0.0,60.0,0.0,0,0,0
2026-09-27T14:00:00+00:00,3600.0,unknown,idle,idle,0.0,0.0,0.0,60.0,0.0,60.0,0.0,0.0,60.0,0.0,0,1,1
2026-09-27T15:00:00+00:00,3600.0,unknown,idle,engaged,0.0,0.0,0.0,60.0,0.0,60.0,0.0,0.0,60.0,0.0,0,1,1
2026-09-27T16:00:00+00:00,3600.0,unknown,idle,engaged,0.0,0.0,0.0,60.0,0.0,60.0,0.0,0.0,60.0,0.0,0,1,1
2026-09-27T17:00:00+00:00,3600.0,unknown,idle,engaged,0.0,0.0,0.0,60.0,0.0,60.0,0.0,0.0,60.0,0.0,0,1,1
2026-09-27T18:00:00+00:00,3600.0,unknown,idle,idle,0.0,0.0,0.0,60.0,0.0,60.0,0.0,0.0,60.0,0.0,0,0,0
2026-09-27T19:00:00+00:00,3600.0,unknown,idle,idle,0.0,0.0,0.0,60.0,0.0,60.0,0.0,0.0,60.0,0.0,0,0,0
2026-09-27T20:00:00+00:00,3600.0,unknown,idle,idle,0.0,0.0,0.0,60.0,0.0,60.0,0.0,0.0,60.0,0.0,0,0,0
2026-09-27T21:00:00+00:00,3600.0,unknown,idle,idle,0.0,0.0,0.0,60.0,0.0,60.0,0.0,0.0,60.0,0.0,0,0,0
2026-09-27T22:00:00+00:00,3600.0,unknown,idle,idle,0.0,0.0,0.0,60.0,0.0,60.0,0.0,0.0,60.0,0.0,0,0,0
2026-09-27T23:00:00+00:00,3600.0,unknown,idle,idle,0.0,0.0,0.0,60.0,0.0,60.0,0.0,0.0,60.0,0.0,0,0,0
2026-09-28T00:00:00+00:00,3600.0,unknown,idle,idle,0.0,0.0,0.0,60.0,0.0,60.0,0.0,0.0,60.0,0.0,0,0,0
2026-09-28T01:00:00+00:00,3600.0,unknown,idle,idle,0.0,0.0,0.0,60.0,0.0,60.0,0.0,0.0,60.0,0.0,0,0,0
2026-09-28T02:00:00+00:00,3600.0,unknown,idle,idle,0.0,0.0,0.0,60.0,0.0,60.0,0.0,0.0,60.0,0.0,0,0,0
2026-09-28T03:00:00+00:00,3600.0,unknown,idle,idle,0.0,0.0,0.0,60.0,0.0,60.0,0.0,0.0,60.0,0.0,0,0,0
2026-09-28T04:00:00+00:00,3600.0,unknown,idle,idle,0.0,0.0,0.0,60.0,0.0,60.0,0.0,0.0,60.0,0.0,0,0,0
2026-09-28T05:00:00+00:00,3600.0,unknown,idle,idle,0.0,0.0,0.0,60.0,0.0,60.0,0.0,0.0,60.0,0.0,0,0,0
2026-09-28T06:00:00+00:00,3600.0,unknown,engaged,engaged,0.0,0.0,0.0,60.0,33.75,26.25,0.0,0.0,60.0,0.0,5,0,0
2026-09-28T07:00:00+00:00,3600.0,unknown,engaged,engaged,0.0,0.0,0.0,60.0,44.67,15.33,0.0,0.0,60.0,0.0,0,0,0
2026-09-28T08:00:00+00:00,3600.0,unknown,idle,idle,0.0,0.0,0.0,60.0,14.75,45.25,0.0,0.0,60.0,0.0,2,0,0
2026-09-28T09:00:00+00:00,3600.0,unknown,engaged,engaged,0.0,0.0,0.0,60.0,51.17,8.83,0.0,0.0,60.0,0.0,1,4,0
2026-09-28T10:00:00+00:00,3600.0,unknown,idle,engaged,0.0,0.0,0.0,60.0,0.0,60.0,0.0,0.0,60.0,0.0,0,0,0
2026-09-28T11:00:00+00:00,3600.0,unknown,idle,idle,0.0,0.0,0.0,60.0,0.0,60.0,0.0,0.0,60.0,0.0,0,0,0
2026-09-28T12:00:00+00:00,3600.0,unknown,idle,idle,0.0,0.0,0.0,60.0,0.0,60.0,0.0,0.0,60.0,0.0,0,0,0
2026-09-28T13:00:00+00:00,3600.0,unknown,idle,idle,0.0,0.0,0.0,60.0,0.0,60.0,0.0,0.0,60.0,0.0,0,0,0
2026-09-28T14:00:00+00:00,3600.0,unknown,idle,idle,0.0,0.0,0.0,60.0,0.0,60.0,0.0,0.0,60.0,0.0,0,0,0
2026-09-28T15:00:00+00:00,3600.0,unknown,idle,engaged,0.0,0.0,0.0,60.0,0.0,60.0,0.0,0.0,60.0,0.0,0,1,1
2026-09-28T16:00:00+00:00,3600.0,unknown,idle,idle,0.0,0.0,0.0,60.0,0.0,60.0,0.0,0.0,60.0,0.0,0,1,1
2026-09-28T17:00:00+00:00,3600.0,unknown,idle,engaged,0.0,0.0,0.0,60.0,0.0,60.0,0.0,0.0,60.0,0.0,0,0,0
2026-09-28T18:00:00+00:00,3600.0,unknown,idle,engaged,0.0,0.0,0.0,60.0,0.0,60.0,0.0,0.0,60.0,0.0,0,1,1
2026-09-28T19:00:00+00:00,3600.0,unknown,idle,idle,0.0,0.0,0.0,60.0,0.0,60.0,0.0,0.0,60.0,0.0,0,1,1
2026-09-28T20:00:00+00:00,3600.0,unknown,idle,idle,0.0,0.0,0.0,60.0,0.0,60.0,0.0,0.0,60.0,0.0,0,0,0
2026-09-28T21:00:00+00:00,3600.0,unknown,idle,idle,0.0,0.0,0.0,60.0,0.0,60.0,0.0,0.0,60.0,0.0,0,0,0
2026-09-28T22:00:00+00:00,3600.0,unknown,idle,idle,0.0,0.0,0.0,60.0,0.0,60.0,0.0,0.0,60.0,0.0,0,0,0
2026-09-28T23:00:00+00:00,3600.0,unknown,idle,idle,0.0,0.0,0.0,60.0,0.0,60.0,0.0,0.0,60.0,0.0,0,0,0
2026-09-29T00:00:00+00:00,3600.0,unknown,idle,idle,0.0,0.0,0.0,60.0,0.0,60.0,0.0,0.0,60.0,0.0,0,0,0
2026-09-29T01:00:00+00:00,3600.0,unknown,idle,idle,0.0,0.0,0.0,60.0,0.0,60.0,0.0,0.0,60.0,0.0,0,0,0
2026-09-29T02:00:00+00:00,3600.0,unknown,idle,idle,0.0,0.0,0.0,60.0,0.0,60.0,0.0,0.0,60.0,0.0,0,0,0
2026-09-29T03:00:00+00:00,3600.0,unknown,idle,idle,0.0,0.0,0.0,60.0,0.0,59.42,0.0,0.58,60.0,0.58,0,0,0
2026-09-29T04:00:00+00:00,3600.0,unknown,engaged,engaged,0.0,0.0,0.0,60.0,54.92,5.08,0.0,0.0,60.0,0.0,2,0,0
2026-09-29T05:00:00+00:00,3600.0,unknown,idle,idle,0.0,0.0,0.0,60.0,0.0,60.0,0.0,0.0,60.0,0.0,0,0,0
2026-09-29T06:00:00+00:00,3600.0,unknown,idle,idle,0.0,0.0,0.0,60.0,0.0,60.0,0.0,0.0,60.0,0.0,0,0,0
2026-09-29T07:00:00+00:00,3600.0,unknown,idle,idle,0.0,0.0,0.0,60.0,0.0,60.0,0.0,0.0,60.0,0.0,0,0,0
2026-09-29T08:00:00+00:00,3600.0,unknown,idle,idle,0.0,0.0,0.0,60.0,0.0,60.0,0.0,0.0,60.0,0.0,0,0,0
2026-09-29T09:00:00+00:00,3600.0,unknown,idle,idle,0.0,0.0,0.0,60.0,0.0,60.0,0.0,0.0,60.0,0.0,0,0,0
2026-09-29T10:00:00+00:00,3600.0,unknown,idle,idle,0.0,0.0,0.0,60.0,0.0,60.0,0.0,0.0,60.0,0.0,0,0,0
2026-09-29T11:00:00+00:00,3600.0,unknown,idle,idle,0.0,0.0,0.0,60.0,0.0,60.0,0.0,0.0,60.0,0.0,0,0,0
2026-09-29T12:00:00+00:00,3600.0,unknown,idle,idle,0.0,0.0,0.0,60.0,0.0,60.0,0.0,0.0,60.0,0.0,0,0,0
2026-09-29T13:00:00+00:00,3600.0,unknown,idle,idle,0.0,0.0,0.0,60.0,0.0,60.0,0.0,0.0,60.0,0.0,0,0,0
2026-09-29T14:00:00+00:00,3600.0,unknown,idle,idle,0.0,0.0,0.0,60.0,0.0,60.0,0.0,0.0,60.0,0.0,0,1,1
2026-09-29T15:00:00+00:00,3600.0,unknown,idle,engaged,0.0,0.0,0.0,60.0,0.0,60.0,0.0,0.0,60.0,0.0,0,1,1
2026-09-29T16:00:00+00:00,3600.0,unknown,idle,engaged,0.0,0.0,0.0,60.0,0.0,60.0,0.0,0.0,60.0,0.0,0,1,1
2026-09-29T17:00:00+00:00,3600.0,unknown,idle,engaged,0.0,0.0,0.0,60.0,0.0,60.0,0.0,0.0,60.0,0.0,0,1,1
2026-09-29T18:00:00+00:00,3600.0,unknown,idle,idle,0.0,0.0,0.0,60.0,0.0,60.0,0.0,0.0,60.0,0.0,0,0,0
2026-09-29T19:00:00+00:00,3600.0,unknown,idle,idle,0.0,0.0,0.0,60.0,0.0,60.0,0.0,0.0,60.0,0.0,0,0,0
2026-09-29T20:00:00+00:00,3600.0,unknown,idle,idle,0.0,0.0,0.0,60.0,0.0,60.0,0.0,0.0,60.0,0.0,0,0,0
2026-09-29T21:00:00+00:00,3600.0,unknown,idle,idle,0.0,0.0,0.0,60.0,0.0,60.0,0.0,0.0,60.0,0.0,0,0,0
2026-09-29T22:00:00+00:00,3600.0,unknown,idle,idle,0.0,0.0,0.0,60.0,0.0,60.0,0.0,0.0,60.0,0.0,0,0,0
2026-09-29T23:00:00+00:00,3600.0,unknown,idle,idle,0.0,0.0,0.0,60.0,0.0,60.0,0.0,0.0,60.0,0.0,0,0,0
2026-09-30T00:00:00+00:00,3600.0,unknown,idle,idle,0.0,0.0,0.0,60.0,0.0,60.0,0.0,0.0,60.0,0.0,0,0,0
2026-09-30T01:00:00+00:00,3600.0,unknown,idle,idle,0.0,0.0,0.0,60.0,0.0,60.0,0.0,0.0,60.0,0.0,0,0,0
2026-09-30T02:00:00+00:00,3600.0,unknown,idle,idle,0.0,0.0,0.0,60.0,0.0,60.0,0.0,0.0,60.0,0.0,0,0,0
2026-09-30T03:00:00+00:00,3600.0,unknown,idle,idle,0.0,0.0,0.0,60.0,0.0,60.0,0.0,0.0,60.0,0.0,0,0,0
2026-09-30T04:00:00+00:00,3600.0,unknown,idle,idle,0.0,0.0,0.0,60.0,0.0,60.0,0.0,0.0,60.0,0.0,0,0,0
2026-09-30T05:00:00+00:00,3600.0,unknown,idle,idle,0.0,0.0,0.0,60.0,0.0,60.0,0.0,0.0,60.0,0.0,0,0,0
2026-09-30T06:00:00+00:00,3600.0,unknown,idle,idle,0.0,0.0,0.0,60.0,0.0,60.0,0.0,0.0,60.0,0.0,0,0,0
2026-09-30T07:00:00+00:00,3600.0,unknown,idle,idle,0.0,0.0,0.0,60.0,0.0,60.0,0.0,0.0,60.0,0.0,0,0,0
2026-09-30T08:00:00+00:00,3600.0,unknown,idle,idle,0.0,0.0,0.0,60.0,0.0,60.0,0.0,0.0,60.0,0.0,0,0,0
2026-09-30T09:00:00+00:00,3600.0,unknown,idle,idle,0.0,0.0,0.0,60.0,0.0,60.0,0.0,0.0,60.0,0.0,0,0,0
2026-09-30T10:00:00+00:00,3600.0,unknown,idle,idle,0.0,0.0,0.0,60.0,0.0,60.0,0.0,0.0,60.0,0.0,0,0,0
2026-09-30T11:00:00+00:00,3600.0,unknown,idle,idle,0.0,0.0,0.0,60.0,0.0,60.0,0.0,0.0,60.0,0.0,0,0,0
2026-09-30T12:00:00+00:00,3600.0,unknown,idle,idle,0.0,0.0,0.0,60.0,0.0,60.0,0.0,0.0,60.0,0.0,0,0,0
2026-09-30T13:00:00+00:00,3600.0,unknown,idle,idle,0.0,0.0,0.0,60.0,0.0,60.0,0.0,0.0,60.0,0.0,0,0,0
2026-09-30T14:00:00+00:00,3600.0,unknown,idle,idle,0.0,0.0,0.0,60.0,0.0,60.0,0.0,0.0,60.0,0.0,0,0,0
2026-09-30T15:00:00+00:00,3600.0,unknown,idle,idle,0.0,0.0,0.0,60.0,0.0,60.0,0.0,0.0,60.0,0.0,0,1,1
2026-09-30T16:00:00+00:00,3600.0,unknown,idle,idle,0.0,0.0,0.0,60.0,0.0,60.0,0.0,0.0,60.0,0.0,0,0,0
2026-09-30T17:00:00+00:00,3600.0,unknown,idle,idle,0.0,0.0,0.0,60.0,0.0,60.0,0.0,0.0,60.0,0.0,0,1,1
2026-09-30T18:00:00+00:00,3600.0,unknown,idle,engaged,0.0,0.0,0.0,60.0,0.0,60.0,0.0,0.0,60.0,0.0,0,1,1
2026-09-30T19:00:00+00:00,3600.0,unknown,idle,engaged,0.0,0.0,0.0,60.0,0.0,60.0,0.0,0.0,60.0,0.0,0,1,1
2026-09-30T20:00:00+00:00,3600.0,unknown,idle,engaged,0.0,0.0,0.0,60.0,0.0,60.0,0.0,0.0,60.0,0.0,0,0,0
2026-09-30T21:00:00+00:00,3600.0,unknown,idle,idle,0.0,0.0,0.0,60.0,0.0,60.0,0.0,0.0,60.0,0.0,0,0,0
2026-09-30T22:00:00+00:00,3600.0,unknown,idle,idle,0.0,0.0,0.0,60.0,0.0,60.0,0.0,0.0,60.0,0.0,0,0,0
2026-09-30T23:00:00+00:00,3600.0,unknown,idle,idle,0.0,0.0,0.0,60.0,0.0,60.0,0.0,0.0,60.0,0.0,0,0,0
2026-10-01T00:00:00+00:00,3600.0,unknown,idle,idle,0.0,0.0,0.0,60.0,0.0,60.0,0.0,0.0,60.0,0.0,0,0,0
2026-10-01T01:00:00+00:00,3600.0,unknown,idle,idle,0.0,0.0,0.0,60.0,0.0,60.0,0.0,0.0,60.0,0.0,0,0,0
2026-10-01T02:00:00+00:00,3600.0,unknown,idle,idle,0.0,0.0,0.0,60.0,0.0,60.0,0.0,0.0,60.0,0.0,0,0,0
2026-10-01T03:00:00+00:00,3600.0,unknown,idle,idle,0.0,0.0,0.0,60.0,0.0,60.0,0.0,0.0,60.0,0.0,0,0,0
2026-10-01T04:00:00+00:00,3600.0,unknown,idle,idle,0.0,0.0,0.0,60.0,0.0,60.0,0.0,0.0,60.0,0.0,0,0,0
2026-10-01T05:00:00+00:00,3600.0,unknown,idle,idle,0.0,0.0,0.0,60.0,0.0,60.0,0.0,0.0,60.0,0.0,0,0,0
2026-10-01T06:00:00+00:00,3600.0,unknown,idle,idle,0.0,0.0,0.0,60.0,0.0,60.0,0.0,0.0,60.0,0.0,0,0,0
2026-10-01T07:00:00+00:00,3600.0,unknown,idle,idle,0.0,0.0,0.0,60.0,0.0,60.0,0.0,0.0,60.0,0.0,0,0,0
2026-10-01T08:00:00+00:00,3600.0,unknown,idle,idle,0.0,0.0,0.0,60.0,0.0,60.0,0.0,0.0,60.0,0.0,0,0,0
2026-10-01T09:00:00+00:00,3600.0,unknown,idle,idle,0.0,0.0,0.0,60.0,0.0,60.0,0.0,0.0,60.0,0.0,0,0,0
2026-10-01T10:00:00+00:00,3600.0,unknown,idle,idle,0.0,0.0,0.0,60.0,0.0,60.0,0.0,0.0,60.0,0.0,0,0,0
2026-10-01T11:00:00+00:00,3600.0,unknown,idle,idle,0.0,0.0,0.0,60.0,0.0,60.0,0.0,0.0,60.0,0.0,0,0,0
2026-10-01T12:00:00+00:00,3600.0,unknown,idle,idle,0.0,0.0,0.0,60.0,0.0,60.0,0.0,0.0,60.0,0.0,0,0,0
2026-10-01T13:00:00+00:00,3600.0,unknown,idle,idle,0.0,0.0,0.0,60.0,0.0,60.0,0.0,0.0,60.0,0.0,0,0,0
2026-10-01T14:00:00+00:00,3600.0,unknown,idle,engaged,0.0,0.0,0.0,60.0,0.0,60.0,0.0,0.0,60.0,0.0,0,1,1
2026-10-01T15:00:00+00:00,3600.0,unknown,idle,engaged,0.0,0.0,0.0,60.0,0.0,60.0,0.0,0.0,60.0,0.0,0,2,2
2026-10-01T16:00:00+00:00,3600.0,unknown,idle,engaged,0.0,0.0,0.0,60.0,0.0,60.0,0.0,0.0,60.0,0.0,0,1,1
2026-10-01T17:00:00+00:00,3600.0,unknown,idle,engaged,0.0,0.0,0.0,60.0,0.0,60.0,0.0,0.0,60.0,0.0,0,0,0
2026-10-01T18:00:00+00:00,3600.0,unknown,idle,idle,0.0,0.0,0.0,60.0,0.0,60.0,0.0,0.0,60.0,0.0,0,0,0
2026-10-01T19:00:00+00:00,3600.0,unknown,idle,idle,0.0,0.0,0.0,60.0,0.0,60.0,0.0,0.0,60.0,0.0,0,0,0
2026-10-01T20:00:00+00:00,3600.0,unknown,idle,idle,0.0,0.0,0.0,60.0,0.0,60.0,0.0,0.0,60.0,0.0,0,0,0
2026-10-01T21:00:00+00:00,3600.0,unknown,idle,idle,0.0,0.0,0.0,60.0,0.0,60.0,0.0,0.0,60.0,0.0,0,0,0
2026-10-01T22:00:00+00:00,3600.0,unknown,idle,idle,0.0,0.0,0.0,60.0,0.0,60.0,0.0,0.0,60.0,0.0,0,0,0
2026-10-01T23:00:00+00:00,3600.0,unknown,idle,idle,0.0,0.0,0.0,60.0,0.0,60.0,0.0,0.0,60.0,0.0,0,0,0
2026-10-02T00:00:00+00:00,3600.0,unknown,idle,idle,0.0,0.0,0.0,60.0,0.0,60.0,0.0,0.0,60.0,0.0,0,0,0
2026-10-02T01:00:00+00:00,3600.0,unknown,idle,idle,0.0,0.0,0.0,60.0,0.0,60.0,0.0,0.0,60.0,0.0,0,0,0
2026-10-02T02:00:00+00:00,3600.0,unknown,idle,idle,0.0,0.0,0.0,60.0,0.0,60.0,0.0,0.0,60.0,0.0,0,0,0
2026-10-02T03:00:00+00:00,3600.0,unknown,idle,idle,0.0,0.0,0.0,60.0,0.0,60.0,0.0,0.0,60.0,0.0,0,0,0
2026-10-02T04:00:00+00:00,3600.0,unknown,engaged,engaged,0.0,0.0,0.0,60.0,45.0,15.0,0.0,0.0,60.0,0.0,1,0,0
2026-10-02T05:00:00+00:00,3600.0,unknown,idle,idle,0.0,0.0,0.0,60.0,0.0,60.0,0.0,0.0,60.0,0.0,0,0,0
2026-10-02T06:00:00+00:00,3600.0,unknown,idle,idle,0.0,0.0,0.0,60.0,0.0,60.0,0.0,0.0,60.0,0.0,0,0,0
2026-10-02T07:00:00+00:00,3600.0,unknown,idle,idle,0.0,0.0,0.0,60.0,0.0,60.0,0.0,0.0,60.0,0.0,0,0,0
2026-10-02T08:00:00+00:00,3600.0,unknown,idle,idle,0.0,0.0,0.0,60.0,15.33,44.67,0.0,0.0,60.0,0.0,2,0,0
2026-10-02T09:00:00+00:00,3600.0,unknown,engaged,engaged,0.0,0.0,0.0,60.0,34.0,26.0,0.0,0.0,60.0,0.0,0,0,0
2026-10-02T10:00:00+00:00,3600.0,unknown,idle,idle,0.0,0.0,0.0,60.0,0.0,60.0,0.0,0.0,60.0,0.0,0,0,0
2026-10-02T11:00:00+00:00,3600.0,unknown,idle,idle,0.0,0.0,0.0,60.0,0.0,60.0,0.0,0.0,60.0,0.0,0,0,0
2026-10-02T12:00:00+00:00,3600.0,unknown,idle,idle,0.0,0.0,0.0,60.0,0.0,60.0,0.0,0.0,60.0,0.0,0,0,0
2026-10-02T13:00:00+00:00,3600.0,unknown,idle,idle,0.0,0.0,0.0,60.0,0.0,60.0,0.0,0.0,60.0,0.0,0,0,0
2026-10-02T14:00:00+00:00,3600.0,unknown,idle,engaged,0.0,0.0,0.0,60.0,0.0,60.0,0.0,0.0,60.0,0.0,0,2,2
2026-10-02T15:00:00+00:00,3600.0,unknown,idle,engaged,0.0,0.0,0.0,60.0,0.0,60.0,0.0,0.0,60.0,0.0,0,1,1
2026-10-02T16:00:00+00:00,3600.0,unknown,idle,engaged,0.0,0.0,0.0,60.0,0.0,60.0,0.0,0.0,60.0,0.0,0,1,1
2026-10-02T17:00:00+00:00,3600.0,unknown,idle,idle,0.0,0.0,0.0,60.0,0.0,60.0,0.0,0.0,60.0,0.0,0,0,0
2026-10-02T18:00:00+00:00,3600.0,unknown,idle,idle,0.0,0.0,0.0,60.0,0.0,60.0,0.0,0.0,60.0,0.0,0,0,0
2026-10-02T19:00:00+00:00,3600.0,unknown,idle,idle,0.0,0.0,0.0,60.0,0.0,60.0,0.0,0.0,60.0,0.0,0,0,0
2026-10-02T20:00:00+00:00,3600.0,unknown,idle,idle,0.0,0.0,0.0,60.0,0.0,60.0,0.0,0.0,60.0,0.0,0,0,0
2026-10-02T21:00:00+00:00,3600.0,unknown,idle,idle,0.0,0.0,0.0,60.0,0.0,60.0,0.0,0.0,60.0,0.0,0,0,0
2026-10-02T22:00:00+00:00,3600.0,unknown,idle,idle,0.0,0.0,0.0,60.0,0.0,60.0,0.0,0.0,60.0,0.0,0,0,0
2026-10-02T23:00:00+00:00,3600.0,unknown,idle,idle,0.0,0.0,0.0,60.0,0.0,60.0,0.0,0.0,60.0,0.0,0,0,0
2026-10-03T00:00:00+00:00,3600.0,unknown,idle,idle,0.0,0.0,0.0,60.0,0.0,60.0,0.0,0.0,60.0,0.0,0,0,0
2026-10-03T01:00:00+00:00,3600.0,unknown,idle,idle,0.0,0.0,0.0,60.0,0.0,60.0,0.0,0.0,60.0,0.0,0,0,0
2026-10-03T02:00:00+00:00,3600.0,unknown,idle,idle,0.0,0.0,0.0,60.0,0.0,60.0,0.0,0.0,60.0,0.0,0,0,0
2026-10-03T03:00:00+00:00,3600.0,unknown,idle,idle,0.0,0.0,0.0,60.0,0.0,60.0,0.0,0.0,60.0,0.0,0,0,0
2026-10-03T04:00:00+00:00,3600.0,unknown,idle,idle,0.0,0.0,0.0,60.0,0.0,60.0,0.0,0.0,60.0,0.0,0,0,0
2026-10-03T05:00:00+00:00,3600.0,unknown,idle,idle,0.0,0.0,0.0,60.0,0.0,60.0,0.0,0.0,60.0,0.0,0,0,0
2026-10-03T06:00:00+00:00,3600.0,unknown,idle,idle,0.0,0.0,0.0,60.0,0.0,60.0,0.0,0.0,60.0,0.0,0,0,0
2026-10-03T07:00:00+00:00,3600.0,unknown,idle,idle,0.0,0.0,0.0,60.0,0.0,60.0,0.0,0.0,60.0,0.0,0,0,0
2026-10-03T08:00:00+00:00,3600.0,unknown,idle,idle,0.0,0.0,0.0,60.0,0.0,60.0,0.0,0.0,60.0,0.0,0,0,0
2026-10-03T09:00:00+00:00,3600.0,unknown,idle,idle,0.0,0.0,0.0,60.0,0.0,60.0,0.0,0.0,60.0,0.0,0,0,0
2026-10-03T10:00:00+00:00,3600.0,unknown,idle,idle,0.0,0.0,0.0,60.0,0.0,60.0,0.0,0.0,60.0,0.0,0,0,0
2026-10-03T11:00:00+00:00,3600.0,unknown,idle,idle,0.0,0.0,0.0,60.0,0.0,60.0,0.0,0.0,60.0,0.0,0,0,0
2026-10-03T12:00:00+00:00,3600.0,unknown,idle,idle,0.0,0.0,0.0,60.0,0.0,60.0,0.0,0.0,60.0,0.0,0,0,0
2026-10-03T13:00:00+00:00,3600.0,unknown,idle,idle,0.0,0.0,0.0,60.0,0.0,60.0,0.0,0.0,60.0,0.0,0,0,0
2026-10-03T14:00:00+00:00,3600.0,unknown,idle,engaged,0.0,0.0,0.0,60.0,0.0,60.0,0.0,0.0,60.0,0.0,0,2,2
2026-10-03T15:00:00+00:00,3600.0,unknown,idle,engaged,0.0,0.0,0.0,60.0,0.0,60.0,0.0,0.0,60.0,0.0,0,1,1
2026-10-03T16:00:00+00:00,3600.0,unknown,idle,engaged,0.0,0.0,0.0,60.0,0.0,60.0,0.0,0.0,60.0,0.0,0,1,1
2026-10-03T17:00:00+00:00,3600.0,unknown,idle,idle,0.0,0.0,0.0,60.0,0.0,60.0,0.0,0.0,60.0,0.0,0,0,0
2026-10-03T18:00:00+00:00,3600.0,unknown,idle,idle,0.0,0.0,0.0,60.0,0.0,60.0,0.0,0.0,60.0,0.0,0,0,0
2026-10-03T19:00:00+00:00,3600.0,unknown,idle,idle,0.0,0.0,0.0,60.0,0.0,60.0,0.0,0.0,60.0,0.0,0,0,0
2026-10-03T20:00:00+00:00,3600.0,unknown,idle,idle,0.0,0.0,0.0,60.0,0.0,46.0,0.0,14.0,60.0,14.0,0,0,0
2026-10-03T21:00:00+00:00,3600.0,unknown,unknown,unknown,0.0,0.0,0.0,60.0,0.0,9.83,0.0,50.17,60.0,50.17,0,0,0
2026-10-03T22:00:00+00:00,3600.0,unknown,idle,idle,0.0,0.0,0.0,60.0,0.0,31.25,4.92,23.83,60.0,23.83,0,0,0
2026-10-03T23:00:00+00:00,3600.0,unknown,idle,idle,0.0,0.0,0.0,60.0,0.0,39.83,20.17,0.0,60.0,0.0,0,0,0
2026-10-04T00:00:00+00:00,3600.0,unknown,idle,idle,0.0,0.0,0.0,60.0,0.0,60.0,0.0,0.0,60.0,0.0,0,0,0
2026-10-04T01:00:00+00:00,3600.0,unknown,engaged,engaged,0.0,0.0,0.0,60.0,34.5,25.5,0.0,0.0,60.0,0.0,2,0,0
2026-10-04T02:00:00+00:00,3600.0,unknown,idle,idle,0.0,0.0,0.0,60.0,14.58,45.42,0.0,0.0,60.0,0.0,0,0,0
2026-10-04T03:00:00+00:00,3600.0,unknown,idle,idle,0.0,0.0,0.0,60.0,0.0,60.0,0.0,0.0,60.0,0.0,0,0,0
2026-10-04T04:00:00+00:00,3600.0,unknown,idle,idle,0.0,0.0,0.0,60.0,0.0,60.0,0.0,0.0,60.0,0.0,0,0,0
2026-10-04T05:00:00+00:00,3600.0,unknown,idle,idle,0.0,0.0,0.0,60.0,0.0,60.0,0.0,0.0,60.0,0.0,0,0,0
2026-10-04T06:00:00+00:00,3600.0,unknown,idle,idle,0.0,0.0,0.0,60.0,0.0,60.0,0.0,0.0,60.0,0.0,0,0,0
2026-10-04T07:00:00+00:00,3600.0,unknown,idle,idle,0.0,0.0,0.0,60.0,0.0,60.0,0.0,0.0,60.0,0.0,0,0,0
2026-10-04T08:00:00+00:00,3600.0,unknown,idle,idle,0.0,0.0,0.0,60.0,0.0,60.0,0.0,0.0,60.0,0.0,0,0,0
2026-10-04T09:00:00+00:00,3600.0,unknown,idle,idle,0.0,0.0,0.0,60.0,0.0,60.0,0.0,0.0,60.0,0.0,0,0,0
2026-10-04T10:00:00+00:00,3600.0,unknown,idle,idle,0.0,0.0,0.0,60.0,0.0,60.0,0.0,0.0,60.0,0.0,0,0,0
2026-10-04T11:00:00+00:00,3600.0,unknown,idle,idle,0.0,0.0,0.0,60.0,0.0,60.0,0.0,0.0,60.0,0.0,0,0,0
2026-10-04T12:00:00+00:00,3600.0,unknown,idle,idle,0.0,0.0,0.0,60.0,0.0,60.0,0.0,0.0,60.0,0.0,0,0,0
2026-10-04T13:00:00+00:00,3600.0,unknown,idle,idle,0.0,0.0,0.0,60.0,0.0,60.0,0.0,0.0,60.0,0.0,0,0,0
2026-10-04T14:00:00+00:00,3600.0,unknown,idle,engaged,0.0,0.0,0.0,60.0,0.0,60.0,0.0,0.0,60.0,0.0,0,2,2
2026-10-04T15:00:00+00:00,3600.0,unknown,idle,engaged,0.0,0.0,0.0,60.0,0.0,60.0,0.0,0.0,60.0,0.0,0,1,1
2026-10-04T16:00:00+00:00,3600.0,unknown,idle,engaged,0.0,0.0,0.0,60.0,0.0,60.0,0.0,0.0,60.0,0.0,0,1,1
2026-10-04T17:00:00+00:00,3600.0,unknown,idle,idle,0.0,0.0,0.0,60.0,0.0,60.0,0.0,0.0,60.0,0.0,0,0,0
2026-10-04T18:00:00+00:00,3600.0,unknown,idle,idle,0.0,0.0,0.0,60.0,0.0,60.0,0.0,0.0,60.0,0.0,0,0,0
2026-10-04T19:00:00+00:00,3600.0,unknown,idle,idle,0.0,0.0,0.0,60.0,0.0,60.0,0.0,0.0,60.0,0.0,0,0,0
2026-10-04T20:00:00+00:00,3600.0,unknown,idle,idle,0.0,0.0,0.0,60.0,0.0,60.0,0.0,0.0,60.0,0.0,0,0,0
2026-10-04T21:00:00+00:00,3600.0,unknown,idle,idle,0.0,0.0,0.0,60.0,0.0,60.0,0.0,0.0,60.0,0.0,0,0,0
2026-10-04T22:00:00+00:00,3600.0,unknown,idle,idle,0.0,0.0,0.0,60.0,0.0,60.0,0.0,0.0,60.0,0.0,0,0,0
2026-10-04T23:00:00+00:00,3600.0,unknown,idle,idle,0.0,0.0,0.0,60.0,0.0,60.0,0.0,0.0,60.0,0.0,0,0,0
2026-10-05T00:00:00+00:00,3600.0,unknown,idle,idle,0.0,0.0,0.0,60.0,0.0,60.0,0.0,0.0,60.0,0.0,0,0,0
2026-10-05T01:00:00+00:00,3600.0,unknown,idle,idle,0.0,0.0,0.0,60.0,0.0,60.0,0.0,0.0,60.0,0.0,0,0,0
2026-10-05T02:00:00+00:00,3600.0,unknown,idle,idle,0.0,0.0,0.0,60.0,4.83,55.17,0.0,0.0,60.0,0.0,2,0,0
2026-10-05T03:00:00+00:00,3600.0,unknown,engaged,engaged,0.0,0.0,0.0,60.0,60.0,0.0,0.0,0.0,60.0,0.0,7,0,0
2026-10-05T04:00:00+00:00,3600.0,unknown,engaged,engaged,0.0,0.0,0.0,60.0,60.0,0.0,0.0,0.0,60.0,0.0,3,0,0
2026-10-05T05:00:00+00:00,3600.0,unknown,idle,idle,0.0,0.0,0.0,60.0,5.92,54.08,0.0,0.0,60.0,0.0,0,0,0
2026-10-05T06:00:00+00:00,3600.0,unknown,idle,idle,0.0,0.0,0.0,60.0,0.0,60.0,0.0,0.0,60.0,0.0,0,0,0
2026-10-05T07:00:00+00:00,3600.0,unknown,idle,idle,0.0,0.0,0.0,60.0,0.0,60.0,0.0,0.0,60.0,0.0,0,0,0
2026-10-05T08:00:00+00:00,3600.0,unknown,idle,idle,0.0,0.0,0.0,60.0,0.0,60.0,0.0,0.0,60.0,0.0,0,0,0
2026-10-05T09:00:00+00:00,3600.0,unknown,idle,idle,0.0,0.0,0.0,60.0,0.0,60.0,0.0,0.0,60.0,0.0,0,0,0
2026-10-05T10:00:00+00:00,3600.0,unknown,idle,idle,0.0,0.0,0.0,60.0,0.0,60.0,0.0,0.0,60.0,0.0,0,0,0
2026-10-05T11:00:00+00:00,3600.0,unknown,idle,idle,0.0,0.0,0.0,60.0,0.0,60.0,0.0,0.0,60.0,0.0,0,0,0
2026-10-05T12:00:00+00:00,3600.0,unknown,idle,idle,0.0,0.0,0.0,60.0,0.0,60.0,0.0,0.0,60.0,0.0,0,0,0
2026-10-05T13:00:00+00:00,3600.0,unknown,idle,idle,0.0,0.0,0.0,60.0,0.0,60.0,0.0,0.0,60.0,0.0,0,0,0
2026-10-05T14:00:00+00:00,3600.0,unknown,idle,engaged,0.0,0.0,0.0,60.0,0.0,60.0,0.0,0.0,60.0,0.0,0,2,2
2026-10-05T15:00:00+00:00,3600.0,unknown,idle,engaged,0.0,0.0,0.0,60.0,0.0,60.0,0.0,0.0,60.0,0.0,0,1,1
2026-10-05T16:00:00+00:00,3600.0,unknown,idle,engaged,0.0,0.0,0.0,60.0,0.0,60.0,0.0,0.0,60.0,0.0,0,1,1
2026-10-05T17:00:00+00:00,3600.0,unknown,idle,idle,0.0,0.0,0.0,60.0,0.0,60.0,0.0,0.0,60.0,0.0,0,0,0
2026-10-05T18:00:00+00:00,3600.0,unknown,idle,idle,0.0,0.0,0.0,60.0,0.0,60.0,0.0,0.0,60.0,0.0,0,0,0
2026-10-05T19:00:00+00:00,3600.0,unknown,idle,idle,0.0,0.0,0.0,60.0,0.0,60.0,0.0,0.0,60.0,0.0,0,0,0
2026-10-05T20:00:00+00:00,3600.0,unknown,idle,idle,0.0,0.0,0.0,60.0,0.0,60.0,0.0,0.0,60.0,0.0,0,0,0
2026-10-05T21:00:00+00:00,3600.0,unknown,idle,idle,0.0,0.0,0.0,60.0,0.0,60.0,0.0,0.0,60.0,0.0,0,0,0
2026-10-05T22:00:00+00:00,3600.0,unknown,idle,idle,0.0,0.0,0.0,60.0,0.0,60.0,0.0,0.0,60.0,0.0,0,0,0
2026-10-05T23:00:00+00:00,3600.0,unknown,idle,idle,0.0,0.0,0.0,60.0,0.0,60.0,0.0,0.0,60.0,0.0,0,0,0
2026-10-06T00:00:00+00:00,3600.0,unknown,idle,idle,0.0,0.0,0.0,60.0,0.0,60.0,0.0,0.0,60.0,0.0,0,0,0
2026-10-06T01:00:00+00:00,3600.0,unknown,idle,idle,0.0,0.0,0.0,60.0,0.0,60.0,0.0,0.0,60.0,0.0,0,0,0
2026-10-06T02:00:00+00:00,3600.0,unknown,idle,idle,0.0,0.0,0.0,60.0,14.58,45.42,0.0,0.0,60.0,0.0,1,0,0
2026-10-06T03:00:00+00:00,3600.0,unknown,engaged,engaged,0.0,0.0,0.0,60.0,60.0,0.0,0.0,0.0,60.0,0.0,1,0,0
2026-10-06T04:00:00+00:00,3600.0,unknown,idle,idle,0.0,0.0,0.0,60.0,5.5,54.5,0.0,0.0,60.0,0.0,0,0,0
2026-10-06T05:00:00+00:00,3600.0,unknown,idle,idle,0.0,0.0,0.0,60.0,0.0,60.0,0.0,0.0,60.0,0.0,0,0,0
2026-10-06T06:00:00+00:00,3600.0,unknown,idle,idle,0.0,0.0,0.0,60.0,0.0,60.0,0.0,0.0,60.0,0.0,0,0,0
2026-10-06T07:00:00+00:00,3600.0,unknown,idle,idle,0.0,0.0,0.0,60.0,0.0,60.0,0.0,0.0,60.0,0.0,0,0,0
2026-10-06T08:00:00+00:00,3600.0,unknown,engaged,engaged,0.0,0.0,0.0,60.0,52.75,7.25,0.0,0.0,60.0,0.0,2,0,0
2026-10-06T09:00:00+00:00,3600.0,unknown,idle,idle,0.0,0.0,0.0,60.0,0.0,60.0,0.0,0.0,60.0,0.0,0,0,0
2026-10-06T10:00:00+00:00,3600.0,unknown,idle,idle,0.0,0.0,0.0,60.0,0.0,60.0,0.0,0.0,60.0,0.0,0,0,0
2026-10-06T11:00:00+00:00,3600.0,unknown,idle,idle,0.0,0.0,0.0,60.0,0.0,60.0,0.0,0.0,60.0,0.0,0,0,0
2026-10-06T12:00:00+00:00,3600.0,unknown,idle,idle,0.0,0.0,0.0,60.0,0.0,60.0,0.0,0.0,60.0,0.0,0,0,0
2026-10-06T13:00:00+00:00,3600.0,unknown,idle,idle,0.0,0.0,0.0,60.0,0.0,60.0,0.0,0.0,60.0,0.0,0,0,0
2026-10-06T14:00:00+00:00,3600.0,unknown,idle,engaged,0.0,0.0,0.0,60.0,0.0,60.0,0.0,0.0,60.0,0.0,0,2,2
2026-10-06T15:00:00+00:00,3600.0,unknown,idle,engaged,0.0,0.0,0.0,60.0,0.0,60.0,0.0,0.0,60.0,0.0,0,1,1
2026-10-06T16:00:00+00:00,3600.0,unknown,idle,engaged,0.0,0.0,0.0,60.0,0.0,60.0,0.0,0.0,60.0,0.0,0,1,1
2026-10-06T17:00:00+00:00,3600.0,unknown,idle,idle,0.0,0.0,0.0,60.0,0.0,60.0,0.0,0.0,60.0,0.0,0,0,0
2026-10-06T18:00:00+00:00,3600.0,unknown,idle,idle,0.0,0.0,0.0,60.0,0.0,60.0,0.0,0.0,60.0,0.0,0,0,0
2026-10-06T19:00:00+00:00,3600.0,unknown,idle,idle,0.0,0.0,0.0,60.0,0.0,60.0,0.0,0.0,60.0,0.0,0,0,0
2026-10-06T20:00:00+00:00,3600.0,unknown,idle,idle,0.0,0.0,0.0,60.0,0.0,60.0,0.0,0.0,60.0,0.0,0,0,0
2026-10-06T21:00:00+00:00,3600.0,unknown,idle,idle,0.0,0.0,0.0,60.0,0.0,60.0,0.0,0.0,60.0,0.0,0,0,0
2026-10-06T22:00:00+00:00,3600.0,unknown,idle,idle,0.0,0.0,0.0,60.0,0.0,60.0,0.0,0.0,60.0,0.0,0,0,0
2026-10-06T23:00:00+00:00,3600.0,unknown,engaged,engaged,0.0,0.0,0.0,60.0,52.33,7.67,0.0,0.0,60.0,0.0,3,0,0
2026-10-07T00:00:00+00:00,3600.0,unknown,idle,idle,0.0,0.0,0.0,60.0,10.92,49.08,0.0,0.0,60.0,0.0,0,0,0
2026-10-07T01:00:00+00:00,3600.0,unknown,idle,idle,0.0,0.0,0.0,60.0,0.0,60.0,0.0,0.0,60.0,0.0,0,0,0
2026-10-07T02:00:00+00:00,3600.0,unknown,idle,idle,0.0,0.0,0.0,60.0,0.0,60.0,0.0,0.0,60.0,0.0,0,0,0
2026-10-07T03:00:00+00:00,3600.0,unknown,idle,idle,0.0,0.0,0.0,60.0,14.08,45.92,0.0,0.0,60.0,0.0,1,0,0
2026-10-07T04:00:00+00:00,3600.0,unknown,engaged,engaged,0.0,0.0,0.0,60.0,30.92,29.08,0.0,0.0,60.0,0.0,0,0,0
2026-10-07T05:00:00+00:00,3600.0,unknown,idle,idle,0.0,0.0,0.0,60.0,0.0,60.0,0.0,0.0,60.0,0.0,0,0,0
2026-10-07T06:00:00+00:00,3600.0,unknown,idle,idle,0.0,0.0,0.0,60.0,0.0,60.0,0.0,0.0,60.0,0.0,0,0,0
2026-10-07T07:00:00+00:00,3600.0,unknown,idle,idle,0.0,0.0,0.0,60.0,0.0,60.0,0.0,0.0,60.0,0.0,0,0,0
2026-10-07T08:00:00+00:00,3600.0,unknown,idle,idle,0.0,0.0,0.0,60.0,0.0,60.0,0.0,0.0,60.0,0.0,0,0,0
2026-10-07T09:00:00+00:00,3600.0,unknown,idle,idle,0.0,0.0,0.0,60.0,0.0,60.0,0.0,0.0,60.0,0.0,0,0,0
2026-10-07T10:00:00+00:00,3600.0,unknown,idle,idle,0.0,0.0,0.0,60.0,0.0,60.0,0.0,0.0,60.0,0.0,0,0,0
2026-10-07T11:00:00+00:00,3600.0,unknown,idle,idle,0.0,0.0,0.0,60.0,0.0,60.0,0.0,0.0,60.0,0.0,0,0,0
2026-10-07T12:00:00+00:00,3600.0,unknown,idle,idle,0.0,0.0,0.0,60.0,0.0,60.0,0.0,0.0,60.0,0.0,0,0,0
2026-10-07T13:00:00+00:00,3600.0,unknown,idle,idle,0.0,0.0,0.0,60.0,0.0,60.0,0.0,0.0,60.0,0.0,0,0,0
2026-10-07T14:00:00+00:00,3600.0,unknown,idle,engaged,0.0,0.0,0.0,60.0,0.0,60.0,0.0,0.0,60.0,0.0,0,2,2
2026-10-07T15:00:00+00:00,3600.0,unknown,idle,engaged,0.0,0.0,0.0,60.0,0.0,60.0,0.0,0.0,60.0,0.0,0,1,1
2026-10-07T16:00:00+00:00,3600.0,unknown,idle,engaged,0.0,0.0,0.0,60.0,0.0,60.0,0.0,0.0,60.0,0.0,0,1,1
2026-10-07T17:00:00+00:00,3600.0,unknown,idle,idle,0.0,0.0,0.0,60.0,0.0,60.0,0.0,0.0,60.0,0.0,0,0,0
2026-10-07T18:00:00+00:00,3600.0,unknown,idle,idle,0.0,0.0,0.0,60.0,0.0,60.0,0.0,0.0,60.0,0.0,0,0,0
2026-10-07T19:00:00+00:00,3600.0,unknown,idle,idle,0.0,0.0,0.0,60.0,0.0,60.0,0.0,0.0,60.0,0.0,0,0,0
2026-10-07T20:00:00+00:00,3600.0,unknown,idle,idle,0.0,0.0,0.0,60.0,0.0,60.0,0.0,0.0,60.0,0.0,0,0,0
2026-10-07T21:00:00+00:00,3600.0,unknown,idle,idle,0.0,0.0,0.0,60.0,0.0,60.0,0.0,0.0,60.0,0.0,0,0,0
2026-10-07T22:00:00+00:00,3600.0,unknown,idle,idle,0.0,0.0,0.0,60.0,0.0,60.0,0.0,0.0,60.0,0.0,0,0,0
2026-10-07T23:00:00+00:00,3600.0,unknown,idle,idle,0.0,0.0,0.0,60.0,0.0,60.0,0.0,0.0,60.0,0.0,0,0,0
2026-10-08T00:00:00+00:00,3600.0,unknown,idle,idle,0.0,0.0,0.0,60.0,0.0,60.0,0.0,0.0,60.0,0.0,0,0,0
2026-10-08T01:00:00+00:00,3600.0,unknown,idle,idle,0.0,0.0,0.0,60.0,0.0,60.0,0.0,0.0,60.0,0.0,0,0,0
2026-10-08T02:00:00+00:00,3600.0,unknown,idle,idle,0.0,0.0,0.0,60.0,19.58,40.42,0.0,0.0,60.0,0.0,3,0,0
2026-10-08T03:00:00+00:00,3600.0,unknown,idle,idle,0.0,0.0,0.0,60.0,28.42,31.58,0.0,0.0,60.0,0.0,0,0,0
2026-10-08T04:00:00+00:00,3600.0,unknown,idle,idle,0.0,0.0,0.0,60.0,0.0,60.0,0.0,0.0,60.0,0.0,0,0,0
2026-10-08T05:00:00+00:00,3600.0,unknown,idle,idle,0.0,0.0,0.0,60.0,0.0,60.0,0.0,0.0,60.0,0.0,0,0,0
2026-10-08T06:00:00+00:00,3600.0,strained,strained,strained,0.0,0.0,42.58,17.42,0.0,17.42,42.58,0.0,60.0,0.0,0,0,0
2026-10-08T07:00:00+00:00,3600.0,unknown,idle,idle,0.0,0.0,2.25,57.75,0.0,47.75,12.25,0.0,60.0,0.0,0,0,0
2026-10-08T08:00:00+00:00,3600.0,unknown,idle,idle,0.0,0.0,0.0,60.0,0.0,60.0,0.0,0.0,60.0,0.0,0,0,0
2026-10-08T09:00:00+00:00,3600.0,unknown,idle,idle,0.0,0.0,0.0,60.0,0.0,60.0,0.0,0.0,60.0,0.0,0,0,0
2026-10-08T10:00:00+00:00,3600.0,unknown,idle,idle,0.0,0.0,0.0,60.0,0.0,60.0,0.0,0.0,60.0,0.0,0,0,0
2026-10-08T11:00:00+00:00,3600.0,unknown,idle,idle,0.0,0.0,0.0,60.0,0.0,60.0,0.0,0.0,60.0,0.0,0,0,0
2026-10-08T12:00:00+00:00,3600.0,unknown,idle,idle,0.0,0.0,0.0,60.0,0.0,60.0,0.0,0.0,60.0,0.0,0,0,0
2026-10-08T13:00:00+00:00,3600.0,unknown,idle,idle,0.0,0.0,0.0,60.0,0.0,60.0,0.0,0.0,60.0,0.0,0,0,0
2026-10-08T14:00:00+00:00,3600.0,unknown,idle,idle,0.0,0.0,21.08,38.92,0.0,38.92,21.08,0.0,60.0,0.0,0,0,0
2026-10-08T15:00:00+00:00,3600.0,strained,strained,strained,0.0,0.0,60.0,0.0,0.0,0.0,60.0,0.0,60.0,0.0,0,0,0
2026-10-08T16:00:00+00:00,3600.0,strained,strained,strained,0.0,0.0,60.0,0.0,0.0,0.0,60.0,0.0,60.0,0.0,0,0,0
2026-10-08T17:00:00+00:00,3600.0,strained,strained,strained,0.0,0.0,60.0,0.0,0.0,0.0,60.0,0.0,60.0,0.0,0,0,0
2026-10-08T18:00:00+00:00,3600.0,strained,strained,strained,0.0,0.0,60.0,0.0,0.0,0.0,60.0,0.0,60.0,0.0,0,0,0
2026-10-08T19:00:00+00:00,3600.0,unknown,idle,idle,0.0,0.0,6.92,53.08,0.0,43.08,16.92,0.0,60.0,0.0,0,0,0
2026-10-08T20:00:00+00:00,3600.0,unknown,idle,idle,0.0,0.0,0.0,60.0,0.0,60.0,0.0,0.0,60.0,0.0,0,0,0
2026-10-08T21:00:00+00:00,3600.0,unknown,idle,idle,0.0,0.0,0.0,60.0,0.0,60.0,0.0,0.0,60.0,0.0,0,0,0
2026-10-08T22:00:00+00:00,3600.0,unknown,idle,idle,0.0,0.0,0.0,60.0,0.0,60.0,0.0,0.0,60.0,0.0,0,0,0
2026-10-08T23:00:00+00:00,3600.0,unknown,idle,idle,0.0,0.0,0.0,60.0,0.0,60.0,0.0,0.0,60.0,0.0,0,0,0
2026-10-09T00:00:00+00:00,3600.0,unknown,idle,idle,0.0,0.0,0.0,60.0,0.0,60.0,0.0,0.0,60.0,0.0,0,0,0
2026-10-09T01:00:00+00:00,3600.0,unknown,idle,idle,0.0,0.0,0.0,60.0,0.0,60.0,0.0,0.0,60.0,0.0,1,0,0
2026-10-09T02:00:00+00:00,3600.0,unknown,engaged,engaged,0.0,0.0,0.0,60.0,45.0,15.0,0.0,0.0,60.0,0.0,0,2,2
2026-10-09T03:00:00+00:00,3600.0,unknown,idle,engaged,0.0,0.0,0.0,60.0,0.0,60.0,0.0,0.0,60.0,0.0,0,1,1
2026-10-09T04:00:00+00:00,3600.0,unknown,strained,strained,0.0,0.0,0.0,60.0,0.0,2.25,57.75,0.0,60.0,0.0,0,0,0
2026-10-09T05:00:00+00:00,3600.0,unknown,strained,strained,0.0,0.0,0.0,60.0,0.0,0.0,60.0,0.0,60.0,0.0,0,0,0
2026-10-09T06:00:00+00:00,3600.0,unknown,strained,strained,0.0,3.67,10.0,46.33,0.0,0.0,60.0,0.0,46.33,0.0,0,0,0
2026-10-09T07:00:00+00:00,3600.0,idle,strained,strained,0.0,60.0,0.0,0.0,0.0,0.0,60.0,0.0,0.0,0.0,0,0,0
2026-10-09T08:00:00+00:00,3600.0,idle,strained,strained,0.0,60.0,0.0,0.0,0.0,0.0,60.0,0.0,0.0,0.0,0,0,0
2026-10-09T09:00:00+00:00,3600.0,idle,strained,strained,0.0,60.0,0.0,0.0,0.0,0.0,60.0,0.0,0.0,0.0,0,0,0
2026-10-09T10:00:00+00:00,3600.0,idle,strained,strained,0.0,60.0,0.0,0.0,0.0,0.0,60.0,0.0,0.0,0.0,0,0,0
2026-10-09T11:00:00+00:00,3600.0,idle,strained,strained,0.0,60.0,0.0,0.0,0.0,0.0,60.0,0.0,0.0,0.0,0,0,0
2026-10-09T12:00:00+00:00,3600.0,idle,strained,strained,0.0,60.0,0.0,0.0,0.0,0.0,60.0,0.0,0.0,0.0,0,0,0
2026-10-09T13:00:00+00:00,3600.0,idle,strained,strained,0.0,60.0,0.0,0.0,0.0,0.0,60.0,0.0,0.0,0.0,0,0,0
2026-10-09T14:00:00+00:00,3600.0,idle,strained,strained,0.0,60.0,0.0,0.0,0.0,0.0,60.0,0.0,0.0,0.0,0,1,1
2026-10-09T15:00:00+00:00,3600.0,idle,strained,strained,0.0,60.0,0.0,0.0,0.0,0.0,60.0,0.0,0.0,0.0,0,2,2
2026-10-09T16:00:00+00:00,3600.0,idle,strained,strained,0.0,60.0,0.0,0.0,0.0,0.0,60.0,0.0,0.0,0.0,0,1,1
2026-10-09T17:00:00+00:00,3600.0,idle,strained,strained,0.0,60.0,0.0,0.0,0.0,0.0,60.0,0.0,0.0,0.0,0,0,0
2026-10-09T18:00:00+00:00,3600.0,idle,strained,strained,0.0,60.0,0.0,0.0,0.0,0.0,60.0,0.0,0.0,0.0,0,0,0
2026-10-09T19:00:00+00:00,3600.0,idle,strained,strained,0.0,60.0,0.0,0.0,0.0,0.0,60.0,0.0,0.0,0.0,0,0,0
2026-10-09T20:00:00+00:00,3600.0,idle,strained,strained,0.0,60.0,0.0,0.0,0.0,0.0,60.0,0.0,0.0,0.0,0,0,0
2026-10-09T21:00:00+00:00,3600.0,engaged,strained,strained,45.0,15.0,0.0,0.0,0.0,0.0,60.0,0.0,0.0,0.0,1,0,0
2026-10-09T22:00:00+00:00,3600.0,idle,idle,idle,0.0,60.0,0.0,0.0,0.0,49.92,10.08,0.0,0.0,0.0,0,0,0
2026-10-09T23:00:00+00:00,3600.0,idle,idle,idle,0.0,60.0,0.0,0.0,0.0,60.0,0.0,0.0,0.0,0.0,0,0,0
2026-10-10T00:00:00+00:00,3600.0,engaged,engaged,engaged,44.92,15.0,0.0,0.08,45.0,15.0,0.0,0.0,0.08,0.0,1,0,0
