hour_utc,strict_label,strict_strained_minutes,strict_unknown_minutes,provisional_label,engaged_minutes,idle_minutes,strained_minutes,unknown_minutes,all_chat_engaged_minutes,gpu_state_missing_minutes,cabinet_missing_minutes,juniper_turns,other_chat_rows,outreach_sent,focus_wall_span_seconds
2026-09-25T05:00:00+00:00,unknown,0.0,60.0,idle,0.0,60.0,0.0,0.0,0.0,60.0,0.0,0,0,0,{}
2026-09-25T06:00:00+00:00,unknown,0.0,60.0,idle,0.0,60.0,0.0,0.0,0.0,60.0,0.0,0,0,0,{}
2026-09-25T07:00:00+00:00,unknown,0.0,60.0,idle,0.0,60.0,0.0,0.0,0.0,60.0,0.0,0,0,0,{}
2026-09-25T08:00:00+00:00,unknown,0.0,60.0,idle,0.0,60.0,0.0,0.0,0.25,60.0,0.0,0,1,0,{}
2026-09-25T09:00:00+00:00,unknown,0.0,60.0,idle,0.0,60.0,0.0,0.0,57.416666666666664,60.0,0.0,0,1,0,{}
2026-09-25T10:00:00+00:00,unknown,0.0,60.0,idle,0.0,60.0,0.0,0.0,0.0,60.0,0.0,0,0,0,{}
2026-09-25T11:00:00+00:00,unknown,0.0,60.0,idle,0.0,60.0,0.0,0.0,0.0,60.0,0.0,0,0,0,{}
2026-09-25T12:00:00+00:00,unknown,0.0,60.0,idle,0.0,60.0,0.0,0.0,0.0,60.0,0.0,0,0,0,{}
2026-09-25T13:00:00+00:00,unknown,0.0,60.0,idle,0.0,60.0,0.0,0.0,0.0,60.0,0.0,0,0,0,{}
2026-09-25T14:00:00+00:00,unknown,0.0,60.0,idle,0.0,60.0,0.0,0.0,45.333333333333336,60.0,0.0,0,2,2,{}
2026-09-25T15:00:00+00:00,unknown,0.0,60.0,idle,0.0,60.0,0.0,0.0,52.5,60.0,0.0,0,1,1,{}
2026-09-25T16:00:00+00:00,unknown,0.0,60.0,idle,0.0,60.0,0.0,0.0,40.583333333333336,60.0,0.0,0,1,1,{}
2026-09-25T17:00:00+00:00,unknown,0.0,60.0,idle,0.0,60.0,0.0,0.0,41.583333333333336,60.0,0.0,0,0,0,{}
2026-09-25T18:00:00+00:00,unknown,0.0,60.0,idle,0.0,60.0,0.0,0.0,0.0,60.0,0.0,0,0,0,{}
2026-09-25T19:00:00+00:00,unknown,0.0,60.0,idle,0.0,60.0,0.0,0.0,0.0,60.0,0.0,0,0,0,{}
2026-09-25T20:00:00+00:00,unknown,0.0,60.0,idle,0.0,60.0,0.0,0.0,0.0,60.0,0.0,0,0,0,{}
2026-09-25T21:00:00+00:00,unknown,0.0,60.0,idle,0.0,60.0,0.0,0.0,0.0,60.0,0.0,0,0,0,{}
2026-09-25T22:00:00+00:00,unknown,0.0,60.0,idle,0.0,60.0,0.0,0.0,0.0,60.0,0.0,0,0,0,{}
2026-09-25T23:00:00+00:00,unknown,0.0,60.0,idle,0.0,60.0,0.0,0.0,0.0,60.0,0.0,0,0,0,{}
2026-09-26T00:00:00+00:00,unknown,0.0,60.0,idle,0.0,60.0,0.0,0.0,0.0,60.0,0.0,0,0,0,{}
2026-09-26T01:00:00+00:00,unknown,0.0,60.0,idle,0.0,60.0,0.0,0.0,0.0,60.0,0.0,0,0,0,{}
2026-09-26T02:00:00+00:00,unknown,0.0,60.0,engaged,44.166667,15.833333,0.0,0.0,44.166666666666664,60.0,0.0,1,0,0,{}
2026-09-26T03:00:00+00:00,unknown,0.0,60.0,idle,0.833333,59.166667,0.0,0.0,0.8333333333333334,60.0,0.0,0,0,0,{}
2026-09-26T04:00:00+00:00,unknown,0.0,60.0,engaged,40.166667,19.833333,0.0,0.0,40.166666666666664,60.0,0.0,2,0,0,{}
2026-09-26T05:00:00+00:00,unknown,0.0,60.0,idle,29.833333,30.166667,0.0,0.0,29.833333333333332,60.0,0.0,0,0,0,{}
2026-09-26T06:00:00+00:00,unknown,0.0,60.0,engaged,30.583333,29.416667,0.0,0.0,30.583333333333332,60.0,0.0,1,0,0,{}
2026-09-26T07:00:00+00:00,unknown,0.0,60.0,idle,14.416667,45.583333,0.0,0.0,14.416666666666666,60.0,0.0,0,0,0,{}
2026-09-26T08:00:00+00:00,unknown,0.0,60.0,idle,0.0,60.0,0.0,0.0,0.0,60.0,0.0,0,0,0,{}
2026-09-26T09:00:00+00:00,unknown,0.0,60.0,idle,0.0,60.0,0.0,0.0,0.0,60.0,0.0,0,0,0,{}
2026-09-26T10:00:00+00:00,unknown,0.0,60.0,idle,0.0,60.0,0.0,0.0,0.0,60.0,0.0,0,0,0,{}
2026-09-26T11:00:00+00:00,unknown,0.0,60.0,idle,0.0,60.0,0.0,0.0,0.0,60.0,0.0,0,0,0,{}
2026-09-26T12:00:00+00:00,unknown,0.0,60.0,idle,0.0,60.0,0.0,0.0,0.0,60.0,0.0,0,0,0,{}
2026-09-26T13:00:00+00:00,unknown,0.0,60.0,idle,0.0,60.0,0.0,0.0,0.0,60.0,0.0,0,0,0,{}
2026-09-26T14:00:00+00:00,unknown,0.0,60.0,idle,0.0,60.0,0.0,0.0,52.666666666666664,60.0,0.0,0,2,2,{}
2026-09-26T15:00:00+00:00,unknown,0.0,60.0,idle,0.0,60.0,0.0,0.0,53.833333333333336,60.0,0.0,0,1,1,{}
2026-09-26T16:00:00+00:00,unknown,0.0,60.0,idle,0.0,60.0,0.0,0.0,53.25,60.0,0.0,0,1,1,{}
2026-09-26T17:00:00+00:00,unknown,0.0,60.0,idle,0.0,60.0,0.0,0.0,52.583333333333336,60.0,0.0,0,1,1,{}
2026-09-26T18:00:00+00:00,unknown,0.0,60.0,idle,0.0,60.0,0.0,0.0,6.166666666666667,60.0,0.0,0,0,0,{}
2026-09-26T19:00:00+00:00,unknown,0.0,60.0,idle,0.0,60.0,0.0,0.0,0.0,60.0,0.0,0,0,0,{}
2026-09-26T20:00:00+00:00,unknown,0.0,60.0,idle,0.0,60.0,0.0,0.0,0.0,60.0,0.0,0,0,0,{}
2026-09-26T21:00:00+00:00,unknown,0.0,60.0,idle,0.0,60.0,0.0,0.0,0.0,60.0,0.0,0,0,0,{}
2026-09-26T22:00:00+00:00,unknown,0.0,60.0,idle,0.0,60.0,0.0,0.0,0.0,60.0,0.0,0,0,0,{}
2026-09-26T23:00:00+00:00,unknown,0.0,60.0,idle,0.0,60.0,0.0,0.0,0.0,60.0,0.0,0,0,0,{}
2026-09-27T00:00:00+00:00,unknown,0.0,60.0,idle,0.0,60.0,0.0,0.0,0.0,60.0,0.0,0,0,0,{}
2026-09-27T01:00:00+00:00,unknown,0.0,60.0,idle,0.0,60.0,0.0,0.0,0.0,60.0,0.0,0,0,0,{}
2026-09-27T02:00:00+00:00,unknown,0.0,60.0,idle,0.0,60.0,0.0,0.0,0.0,60.0,0.0,0,0,0,{}
2026-09-27T03:00:00+00:00,unknown,0.0,60.0,idle,0.0,60.0,0.0,0.0,0.0,60.0,0.0,0,0,0,{}
2026-09-27T04:00:00+00:00,unknown,0.0,60.0,idle,0.0,60.0,0.0,0.0,0.0,60.0,0.0,0,0,0,{}
2026-09-27T05:00:00+00:00,unknown,0.0,60.0,idle,0.0,60.0,0.0,0.0,0.0,60.0,0.0,0,0,0,{}
2026-09-27T06:00:00+00:00,unknown,0.0,60.0,idle,0.0,60.0,0.0,0.0,0.0,60.0,0.0,0,0,0,{}
2026-09-27T07:00:00+00:00,unknown,0.0,60.0,idle,0.0,60.0,0.0,0.0,0.0,60.0,0.0,0,0,0,{}
2026-09-27T08:00:00+00:00,unknown,0.0,60.0,idle,0.0,60.0,0.0,0.0,0.0,60.0,0.0,0,0,0,{}
2026-09-27T09:00:00+00:00,unknown,0.0,60.0,idle,0.0,60.0,0.0,0.0,0.0,60.0,0.0,0,0,0,{}
2026-09-27T10:00:00+00:00,unknown,0.0,60.0,idle,0.0,60.0,0.0,0.0,0.0,60.0,0.0,0,0,0,{}
2026-09-27T11:00:00+00:00,unknown,0.0,60.0,idle,0.0,60.0,0.0,0.0,0.0,60.0,0.0,0,0,0,{}
2026-09-27T12:00:00+00:00,unknown,0.0,60.0,idle,0.0,60.0,0.0,0.0,0.0,60.0,0.0,0,0,0,{}
2026-09-27T13:00:00+00:00,unknown,0.0,60.0,idle,0.0,60.0,0.0,0.0,0.0,60.0,0.0,0,0,0,{}
2026-09-27T14:00:00+00:00,unknown,0.0,60.0,idle,0.0,60.0,0.0,0.0,9.0,60.0,0.0,0,1,1,{}
2026-09-27T15:00:00+00:00,unknown,0.0,60.0,idle,0.0,60.0,0.0,0.0,52.25,60.0,0.0,0,1,1,{}
2026-09-27T16:00:00+00:00,unknown,0.0,60.0,idle,0.0,60.0,0.0,0.0,56.5,60.0,0.0,0,1,1,{}
2026-09-27T17:00:00+00:00,unknown,0.0,60.0,idle,0.0,60.0,0.0,0.0,43.0,60.0,0.0,0,1,1,{}
2026-09-27T18:00:00+00:00,unknown,0.0,60.0,idle,0.0,60.0,0.0,0.0,19.25,60.0,0.0,0,0,0,{}
2026-09-27T19:00:00+00:00,unknown,0.0,60.0,idle,0.0,60.0,0.0,0.0,0.0,60.0,0.0,0,0,0,{}
2026-09-27T20:00:00+00:00,unknown,0.0,60.0,idle,0.0,60.0,0.0,0.0,0.0,60.0,0.0,0,0,0,{}
2026-09-27T21:00:00+00:00,unknown,0.0,60.0,idle,0.0,60.0,0.0,0.0,0.0,60.0,0.0,0,0,0,{}
2026-09-27T22:00:00+00:00,unknown,0.0,60.0,idle,0.0,60.0,0.0,0.0,0.0,60.0,0.0,0,0,0,{}
2026-09-27T23:00:00+00:00,unknown,0.0,60.0,idle,0.0,60.0,0.0,0.0,0.0,60.0,0.0,0,0,0,{}
2026-09-28T00:00:00+00:00,unknown,0.0,60.0,idle,0.0,60.0,0.0,0.0,0.0,60.0,0.0,0,0,0,{}
2026-09-28T01:00:00+00:00,unknown,0.0,60.0,idle,0.0,60.0,0.0,0.0,0.0,60.0,0.0,0,0,0,{}
2026-09-28T02:00:00+00:00,unknown,0.0,60.0,idle,0.0,60.0,0.0,0.0,0.0,60.0,0.0,0,0,0,{}
2026-09-28T03:00:00+00:00,unknown,0.0,60.0,idle,0.0,60.0,0.0,0.0,0.0,60.0,0.0,0,0,0,{}
2026-09-28T04:00:00+00:00,unknown,0.0,60.0,idle,0.0,60.0,0.0,0.0,0.0,60.0,0.0,0,0,0,{}
2026-09-28T05:00:00+00:00,unknown,0.0,60.0,idle,0.0,60.0,0.0,0.0,0.0,60.0,0.0,0,0,0,{}
2026-09-28T06:00:00+00:00,unknown,0.0,60.0,engaged,33.75,26.25,0.0,0.0,33.75,60.0,0.0,5,0,0,{}
2026-09-28T07:00:00+00:00,unknown,0.0,60.0,engaged,44.666667,15.333333,0.0,0.0,44.666666666666664,60.0,0.0,0,0,0,{}
2026-09-28T08:00:00+00:00,unknown,0.0,60.0,idle,14.75,45.25,0.0,0.0,14.75,60.0,0.0,2,0,0,{}
2026-09-28T09:00:00+00:00,unknown,0.0,60.0,engaged,51.166667,8.833333,0.0,0.0,60.0,60.0,0.0,1,4,0,{}
2026-09-28T10:00:00+00:00,unknown,0.0,60.0,idle,0.0,60.0,0.0,0.0,41.083333333333336,60.0,0.0,0,0,0,{}
2026-09-28T11:00:00+00:00,unknown,0.0,60.0,idle,0.0,60.0,0.0,0.0,0.0,60.0,0.0,0,0,0,{}
2026-09-28T12:00:00+00:00,unknown,0.0,60.0,idle,0.0,60.0,0.0,0.0,0.0,60.0,0.0,0,0,0,{}
2026-09-28T13:00:00+00:00,unknown,0.0,60.0,idle,0.0,60.0,0.0,0.0,0.0,60.0,0.0,0,0,0,{}
2026-09-28T14:00:00+00:00,unknown,0.0,60.0,idle,0.0,60.0,0.0,0.0,0.0,60.0,0.0,0,0,0,{}
2026-09-28T15:00:00+00:00,unknown,0.0,60.0,idle,0.0,60.0,0.0,0.0,40.416666666666664,60.0,0.0,0,1,1,{}
2026-09-28T16:00:00+00:00,unknown,0.0,60.0,idle,0.0,60.0,0.0,0.0,8.5,60.0,0.0,0,1,1,{}
2026-09-28T17:00:00+00:00,unknown,0.0,60.0,idle,0.0,60.0,0.0,0.0,41.083333333333336,60.0,0.0,0,0,0,{}
2026-09-28T18:00:00+00:00,unknown,0.0,60.0,idle,0.0,60.0,0.0,0.0,45.0,60.0,0.0,0,1,1,{}
2026-09-28T19:00:00+00:00,unknown,0.0,60.0,idle,0.0,60.0,0.0,0.0,18.583333333333332,60.0,0.0,0,1,1,{}
2026-09-28T20:00:00+00:00,unknown,0.0,60.0,idle,0.0,60.0,0.0,0.0,26.416666666666668,60.0,0.0,0,0,0,{}
2026-09-28T21:00:00+00:00,unknown,0.0,60.0,idle,0.0,60.0,0.0,0.0,0.0,60.0,0.0,0,0,0,{}
2026-09-28T22:00:00+00:00,unknown,0.0,60.0,idle,0.0,60.0,0.0,0.0,0.0,60.0,0.0,0,0,0,{}
2026-09-28T23:00:00+00:00,unknown,0.0,60.0,idle,0.0,60.0,0.0,0.0,0.0,60.0,0.0,0,0,0,{}
2026-09-29T00:00:00+00:00,unknown,0.0,60.0,idle,0.0,60.0,0.0,0.0,0.0,60.0,0.0,0,0,0,{}
2026-09-29T01:00:00+00:00,unknown,0.0,60.0,idle,0.0,60.0,0.0,0.0,0.0,60.0,0.0,0,0,0,{}
2026-09-29T02:00:00+00:00,unknown,0.0,60.0,idle,0.0,60.0,0.0,0.0,0.0,60.0,0.0,0,0,0,{}
2026-09-29T03:00:00+00:00,unknown,0.0,60.0,idle,0.0,59.416667,0.0,0.583333,0.0,60.0,0.5833333333333334,0,0,0,{}
2026-09-29T04:00:00+00:00,unknown,0.0,60.0,engaged,54.916667,5.083333,0.0,0.0,54.916666666666664,60.0,0.0,2,0,0,{}
2026-09-29T05:00:00+00:00,unknown,0.0,60.0,idle,0.0,60.0,0.0,0.0,0.0,60.0,0.0,0,0,0,{}
2026-09-29T06:00:00+00:00,unknown,0.0,60.0,idle,0.0,60.0,0.0,0.0,0.0,60.0,0.0,0,0,0,{}
2026-09-29T07:00:00+00:00,unknown,0.0,60.0,idle,0.0,60.0,0.0,0.0,0.0,60.0,0.0,0,0,0,{}
2026-09-29T08:00:00+00:00,unknown,0.0,60.0,idle,0.0,60.0,0.0,0.0,0.0,60.0,0.0,0,0,0,{}
2026-09-29T09:00:00+00:00,unknown,0.0,60.0,idle,0.0,60.0,0.0,0.0,0.0,60.0,0.0,0,0,0,{}
2026-09-29T10:00:00+00:00,unknown,0.0,60.0,idle,0.0,60.0,0.0,0.0,0.0,60.0,0.0,0,0,0,{}
2026-09-29T11:00:00+00:00,unknown,0.0,60.0,idle,0.0,60.0,0.0,0.0,0.0,60.0,0.0,0,0,0,{}
2026-09-29T12:00:00+00:00,unknown,0.0,60.0,idle,0.0,60.0,0.0,0.0,0.0,60.0,0.0,0,0,0,{}
2026-09-29T13:00:00+00:00,unknown,0.0,60.0,idle,0.0,60.0,0.0,0.0,0.0,60.0,0.0,0,0,0,{}
2026-09-29T14:00:00+00:00,unknown,0.0,60.0,idle,0.0,60.0,0.0,0.0,1.4166666666666667,60.0,0.0,0,1,1,{}
2026-09-29T15:00:00+00:00,unknown,0.0,60.0,idle,0.0,60.0,0.0,0.0,56.5,60.0,0.0,0,1,1,{}
2026-09-29T16:00:00+00:00,unknown,0.0,60.0,idle,0.0,60.0,0.0,0.0,52.583333333333336,60.0,0.0,0,1,1,{}
2026-09-29T17:00:00+00:00,unknown,0.0,60.0,idle,0.0,60.0,0.0,0.0,52.916666666666664,60.0,0.0,0,1,1,{}
2026-09-29T18:00:00+00:00,unknown,0.0,60.0,idle,0.0,60.0,0.0,0.0,16.583333333333332,60.0,0.0,0,0,0,{}
2026-09-29T19:00:00+00:00,unknown,0.0,60.0,idle,0.0,60.0,0.0,0.0,0.0,60.0,0.0,0,0,0,{}
2026-09-29T20:00:00+00:00,unknown,0.0,60.0,idle,0.0,60.0,0.0,0.0,0.0,60.0,0.0,0,0,0,{}
2026-09-29T21:00:00+00:00,unknown,0.0,60.0,idle,0.0,60.0,0.0,0.0,0.0,60.0,0.0,0,0,0,{}
2026-09-29T22:00:00+00:00,unknown,0.0,60.0,idle,0.0,60.0,0.0,0.0,0.0,60.0,0.0,0,0,0,{}
2026-09-29T23:00:00+00:00,unknown,0.0,60.0,idle,0.0,60.0,0.0,0.0,0.0,60.0,0.0,0,0,0,{}
2026-09-30T00:00:00+00:00,unknown,0.0,60.0,idle,0.0,60.0,0.0,0.0,0.0,60.0,0.0,0,0,0,{}
2026-09-30T01:00:00+00:00,unknown,0.0,60.0,idle,0.0,60.0,0.0,0.0,0.0,60.0,0.0,0,0,0,{}
2026-09-30T02:00:00+00:00,unknown,0.0,60.0,idle,0.0,60.0,0.0,0.0,0.0,60.0,0.0,0,0,0,{}
2026-09-30T03:00:00+00:00,unknown,0.0,60.0,idle,0.0,60.0,0.0,0.0,0.0,60.0,0.0,0,0,0,{}
2026-09-30T04:00:00+00:00,unknown,0.0,60.0,idle,0.0,60.0,0.0,0.0,0.0,60.0,0.0,0,0,0,{}
2026-09-30T05:00:00+00:00,unknown,0.0,60.0,idle,0.0,60.0,0.0,0.0,0.0,60.0,0.0,0,0,0,{}
2026-09-30T06:00:00+00:00,unknown,0.0,60.0,idle,0.0,60.0,0.0,0.0,0.0,60.0,0.0,0,0,0,{}
2026-09-30T07:00:00+00:00,unknown,0.0,60.0,idle,0.0,60.0,0.0,0.0,0.0,60.0,0.0,0,0,0,{}
2026-09-30T08:00:00+00:00,unknown,0.0,60.0,idle,0.0,60.0,0.0,0.0,0.0,60.0,0.0,0,0,0,{}
2026-09-30T09:00:00+00:00,unknown,0.0,60.0,idle,0.0,60.0,0.0,0.0,0.0,60.0,0.0,0,0,0,{}
2026-09-30T10:00:00+00:00,unknown,0.0,60.0,idle,0.0,60.0,0.0,0.0,0.0,60.0,0.0,0,0,0,{}
2026-09-30T11:00:00+00:00,unknown,0.0,60.0,idle,0.0,60.0,0.0,0.0,0.0,60.0,0.0,0,0,0,{}
2026-09-30T12:00:00+00:00,unknown,0.0,60.0,idle,0.0,60.0,0.0,0.0,0.0,60.0,0.0,0,0,0,{}
2026-09-30T13:00:00+00:00,unknown,0.0,60.0,idle,0.0,60.0,0.0,0.0,0.0,60.0,0.0,0,0,0,{}
2026-09-30T14:00:00+00:00,unknown,0.0,60.0,idle,0.0,60.0,0.0,0.0,0.0,60.0,0.0,0,0,0,{}
2026-09-30T15:00:00+00:00,unknown,0.0,60.0,idle,0.0,60.0,0.0,0.0,18.0,60.0,0.0,0,1,1,{}
2026-09-30T16:00:00+00:00,unknown,0.0,60.0,idle,0.0,60.0,0.0,0.0,27.0,60.0,0.0,0,0,0,{}
2026-09-30T17:00:00+00:00,unknown,0.0,60.0,idle,0.0,60.0,0.0,0.0,16.0,60.0,0.0,0,1,1,{}
2026-09-30T18:00:00+00:00,unknown,0.0,60.0,idle,0.0,60.0,0.0,0.0,34.666666666666664,60.0,0.0,0,1,1,{}
2026-09-30T19:00:00+00:00,unknown,0.0,60.0,idle,0.0,60.0,0.0,0.0,43.833333333333336,60.0,0.0,0,1,1,{}
2026-09-30T20:00:00+00:00,unknown,0.0,60.0,idle,0.0,60.0,0.0,0.0,40.5,60.0,0.0,0,0,0,{}
2026-09-30T21:00:00+00:00,unknown,0.0,60.0,idle,0.0,60.0,0.0,0.0,0.0,60.0,0.0,0,0,0,{}
2026-09-30T22:00:00+00:00,unknown,0.0,60.0,idle,0.0,60.0,0.0,0.0,0.0,60.0,0.0,0,0,0,{}
2026-09-30T23:00:00+00:00,unknown,0.0,60.0,idle,0.0,60.0,0.0,0.0,0.0,60.0,0.0,0,0,0,{}
2026-10-01T00:00:00+00:00,unknown,0.0,60.0,idle,0.0,60.0,0.0,0.0,0.0,60.0,0.0,0,0,0,{}
2026-10-01T01:00:00+00:00,unknown,0.0,60.0,idle,0.0,60.0,0.0,0.0,0.0,60.0,0.0,0,0,0,{}
2026-10-01T02:00:00+00:00,unknown,0.0,60.0,idle,0.0,60.0,0.0,0.0,0.0,60.0,0.0,0,0,0,{}
2026-10-01T03:00:00+00:00,unknown,0.0,60.0,idle,0.0,60.0,0.0,0.0,0.0,60.0,0.0,0,0,0,{}
2026-10-01T04:00:00+00:00,unknown,0.0,60.0,idle,0.0,60.0,0.0,0.0,0.0,60.0,0.0,0,0,0,{}
2026-10-01T05:00:00+00:00,unknown,0.0,60.0,idle,0.0,60.0,0.0,0.0,0.0,60.0,0.0,0,0,0,{}
2026-10-01T06:00:00+00:00,unknown,0.0,60.0,idle,0.0,60.0,0.0,0.0,0.0,60.0,0.0,0,0,0,{}
2026-10-01T07:00:00+00:00,unknown,0.0,60.0,idle,0.0,60.0,0.0,0.0,0.0,60.0,0.0,0,0,0,{}
2026-10-01T08:00:00+00:00,unknown,0.0,60.0,idle,0.0,60.0,0.0,0.0,0.0,60.0,0.0,0,0,0,{}
2026-10-01T09:00:00+00:00,unknown,0.0,60.0,idle,0.0,60.0,0.0,0.0,0.0,60.0,0.0,0,0,0,{}
2026-10-01T10:00:00+00:00,unknown,0.0,60.0,idle,0.0,60.0,0.0,0.0,0.0,60.0,0.0,0,0,0,{}
2026-10-01T11:00:00+00:00,unknown,0.0,60.0,idle,0.0,60.0,0.0,0.0,0.0,60.0,0.0,0,0,0,{}
2026-10-01T12:00:00+00:00,unknown,0.0,60.0,idle,0.0,60.0,0.0,0.0,0.0,60.0,0.0,0,0,0,{}
2026-10-01T13:00:00+00:00,unknown,0.0,60.0,idle,0.0,60.0,0.0,0.0,0.0,60.0,0.0,0,0,0,{}
2026-10-01T14:00:00+00:00,unknown,0.0,60.0,idle,0.0,60.0,0.0,0.0,45.0,60.0,0.0,0,1,1,{}
2026-10-01T15:00:00+00:00,unknown,0.0,60.0,idle,0.0,60.0,0.0,0.0,55.666666666666664,60.0,0.0,0,2,2,{}
2026-10-01T16:00:00+00:00,unknown,0.0,60.0,idle,0.0,60.0,0.0,0.0,45.083333333333336,60.0,0.0,0,1,1,{}
2026-10-01T17:00:00+00:00,unknown,0.0,60.0,idle,0.0,60.0,0.0,0.0,34.25,60.0,0.0,0,0,0,{}
2026-10-01T18:00:00+00:00,unknown,0.0,60.0,idle,0.0,60.0,0.0,0.0,0.0,60.0,0.0,0,0,0,{}
2026-10-01T19:00:00+00:00,unknown,0.0,60.0,idle,0.0,60.0,0.0,0.0,0.0,60.0,0.0,0,0,0,{}
2026-10-01T20:00:00+00:00,unknown,0.0,60.0,idle,0.0,60.0,0.0,0.0,0.0,60.0,0.0,0,0,0,{}
2026-10-01T21:00:00+00:00,unknown,0.0,60.0,idle,0.0,60.0,0.0,0.0,0.0,60.0,0.0,0,0,0,{}
2026-10-01T22:00:00+00:00,unknown,0.0,60.0,idle,0.0,60.0,0.0,0.0,0.0,60.0,0.0,0,0,0,{}
2026-10-01T23:00:00+00:00,unknown,0.0,60.0,idle,0.0,60.0,0.0,0.0,0.0,60.0,0.0,0,0,0,{}
2026-10-02T00:00:00+00:00,unknown,0.0,60.0,idle,0.0,60.0,0.0,0.0,0.0,60.0,0.0,0,0,0,{}
2026-10-02T01:00:00+00:00,unknown,0.0,60.0,idle,0.0,60.0,0.0,0.0,0.0,60.0,0.0,0,0,0,{}
2026-10-02T02:00:00+00:00,unknown,0.0,60.0,idle,0.0,60.0,0.0,0.0,0.0,60.0,0.0,0,0,0,{}
2026-10-02T03:00:00+00:00,unknown,0.0,60.0,idle,0.0,60.0,0.0,0.0,0.0,60.0,0.0,0,0,0,{}
2026-10-02T04:00:00+00:00,unknown,0.0,60.0,engaged,45.0,15.0,0.0,0.0,45.0,60.0,0.0,1,0,0,{}
2026-10-02T05:00:00+00:00,unknown,0.0,60.0,idle,0.0,60.0,0.0,0.0,0.0,60.0,0.0,0,0,0,{}
2026-10-02T06:00:00+00:00,unknown,0.0,60.0,idle,0.0,60.0,0.0,0.0,0.0,60.0,0.0,0,0,0,{}
2026-10-02T07:00:00+00:00,unknown,0.0,60.0,idle,0.0,60.0,0.0,0.0,0.0,60.0,0.0,0,0,0,{}
2026-10-02T08:00:00+00:00,unknown,0.0,60.0,idle,15.333333,44.666667,0.0,0.0,15.333333333333334,60.0,0.0,2,0,0,{}
2026-10-02T09:00:00+00:00,unknown,0.0,60.0,engaged,34.0,26.0,0.0,0.0,34.0,60.0,0.0,0,0,0,{}
2026-10-02T10:00:00+00:00,unknown,0.0,60.0,idle,0.0,60.0,0.0,0.0,0.0,60.0,0.0,0,0,0,{}
2026-10-02T11:00:00+00:00,unknown,0.0,60.0,idle,0.0,60.0,0.0,0.0,0.0,60.0,0.0,0,0,0,{}
2026-10-02T12:00:00+00:00,unknown,0.0,60.0,idle,0.0,60.0,0.0,0.0,0.0,60.0,0.0,0,0,0,{}
2026-10-02T13:00:00+00:00,unknown,0.0,60.0,idle,0.0,60.0,0.0,0.0,0.0,60.0,0.0,0,0,0,{}
2026-10-02T14:00:00+00:00,unknown,0.0,60.0,idle,0.0,60.0,0.0,0.0,47.75,60.0,0.0,0,2,2,{}
2026-10-02T15:00:00+00:00,unknown,0.0,60.0,idle,0.0,60.0,0.0,0.0,54.833333333333336,60.0,0.0,0,1,1,{}
2026-10-02T16:00:00+00:00,unknown,0.0,60.0,idle,0.0,60.0,0.0,0.0,55.416666666666664,60.0,0.0,0,1,1,{}
2026-10-02T17:00:00+00:00,unknown,0.0,60.0,idle,0.0,60.0,0.0,0.0,22.0,60.0,0.0,0,0,0,{}
2026-10-02T18:00:00+00:00,unknown,0.0,60.0,idle,0.0,60.0,0.0,0.0,0.0,60.0,0.0,0,0,0,{}
2026-10-02T19:00:00+00:00,unknown,0.0,60.0,idle,0.0,60.0,0.0,0.0,0.0,60.0,0.0,0,0,0,{}
2026-10-02T20:00:00+00:00,unknown,0.0,60.0,idle,0.0,60.0,0.0,0.0,0.0,60.0,0.0,0,0,0,{}
2026-10-02T21:00:00+00:00,unknown,0.0,60.0,idle,0.0,60.0,0.0,0.0,0.0,60.0,0.0,0,0,0,{}
2026-10-02T22:00:00+00:00,unknown,0.0,60.0,idle,0.0,60.0,0.0,0.0,0.0,60.0,0.0,0,0,0,{}
2026-10-02T23:00:00+00:00,unknown,0.0,60.0,idle,0.0,60.0,0.0,0.0,0.0,60.0,0.0,0,0,0,{}
2026-10-03T00:00:00+00:00,unknown,0.0,60.0,idle,0.0,60.0,0.0,0.0,0.0,60.0,0.0,0,0,0,{}
2026-10-03T01:00:00+00:00,unknown,0.0,60.0,idle,0.0,60.0,0.0,0.0,0.0,60.0,0.0,0,0,0,{}
2026-10-03T02:00:00+00:00,unknown,0.0,60.0,idle,0.0,60.0,0.0,0.0,0.0,60.0,0.0,0,0,0,{}
2026-10-03T03:00:00+00:00,unknown,0.0,60.0,idle,0.0,60.0,0.0,0.0,0.0,60.0,0.0,0,0,0,{}
2026-10-03T04:00:00+00:00,unknown,0.0,60.0,idle,0.0,60.0,0.0,0.0,0.0,60.0,0.0,0,0,0,{}
2026-10-03T05:00:00+00:00,unknown,0.0,60.0,idle,0.0,60.0,0.0,0.0,0.0,60.0,0.0,0,0,0,{}
2026-10-03T06:00:00+00:00,unknown,0.0,60.0,idle,0.0,60.0,0.0,0.0,0.0,60.0,0.0,0,0,0,{}
2026-10-03T07:00:00+00:00,unknown,0.0,60.0,idle,0.0,60.0,0.0,0.0,0.0,60.0,0.0,0,0,0,{}
2026-10-03T08:00:00+00:00,unknown,0.0,60.0,idle,0.0,60.0,0.0,0.0,0.0,60.0,0.0,0,0,0,{}
2026-10-03T09:00:00+00:00,unknown,0.0,60.0,idle,0.0,60.0,0.0,0.0,0.0,60.0,0.0,0,0,0,{}
2026-10-03T10:00:00+00:00,unknown,0.0,60.0,idle,0.0,60.0,0.0,0.0,0.0,60.0,0.0,0,0,0,{}
2026-10-03T11:00:00+00:00,unknown,0.0,60.0,idle,0.0,60.0,0.0,0.0,0.0,60.0,0.0,0,0,0,{}
2026-10-03T12:00:00+00:00,unknown,0.0,60.0,idle,0.0,60.0,0.0,0.0,0.0,60.0,0.0,0,0,0,{}
2026-10-03T13:00:00+00:00,unknown,0.0,60.0,idle,0.0,60.0,0.0,0.0,0.0,60.0,0.0,0,0,0,{}
2026-10-03T14:00:00+00:00,unknown,0.0,60.0,idle,0.0,60.0,0.0,0.0,52.0,60.0,0.0,0,2,2,{}
2026-10-03T15:00:00+00:00,unknown,0.0,60.0,idle,0.0,60.0,0.0,0.0,58.416666666666664,60.0,0.0,0,1,1,{}
2026-10-03T16:00:00+00:00,unknown,0.0,60.0,idle,0.0,60.0,0.0,0.0,54.666666666666664,60.0,0.0,0,1,1,{}
2026-10-03T17:00:00+00:00,unknown,0.0,60.0,idle,0.0,60.0,0.0,0.0,14.916666666666666,60.0,0.0,0,0,0,{}
2026-10-03T18:00:00+00:00,unknown,0.0,60.0,idle,0.0,60.0,0.0,0.0,0.0,60.0,0.0,0,0,0,{}
2026-10-03T19:00:00+00:00,unknown,0.0,60.0,idle,0.0,60.0,0.0,0.0,0.0,60.0,0.0,0,0,0,{}
2026-10-03T20:00:00+00:00,unknown,0.0,60.0,idle,0.0,46.0,0.0,14.0,0.0,60.0,14.0,0,0,0,{}
2026-10-03T21:00:00+00:00,unknown,0.0,60.0,unknown,0.0,9.833333,0.0,50.166667,0.0,60.0,50.166666666666664,0,0,0,{}
2026-10-03T22:00:00+00:00,unknown,0.0,60.0,idle,0.0,31.25,4.916667,23.833333,0.0,60.0,23.833333333333332,0,0,0,{}
2026-10-03T23:00:00+00:00,unknown,0.0,60.0,idle,0.0,39.833333,20.166667,0.0,0.0,60.0,0.0,0,0,0,{}
2026-10-04T00:00:00+00:00,unknown,0.0,60.0,idle,0.0,60.0,0.0,0.0,0.0,60.0,0.0,0,0,0,{}
2026-10-04T01:00:00+00:00,unknown,0.0,60.0,engaged,34.5,25.5,0.0,0.0,34.5,60.0,0.0,2,0,0,{}
2026-10-04T02:00:00+00:00,unknown,0.0,60.0,idle,14.583333,45.416667,0.0,0.0,14.583333333333334,60.0,0.0,0,0,0,{}
2026-10-04T03:00:00+00:00,unknown,0.0,60.0,idle,0.0,60.0,0.0,0.0,0.0,60.0,0.0,0,0,0,{}
2026-10-04T04:00:00+00:00,unknown,0.0,60.0,idle,0.0,60.0,0.0,0.0,0.0,60.0,0.0,0,0,0,{}
2026-10-04T05:00:00+00:00,unknown,0.0,60.0,idle,0.0,60.0,0.0,0.0,0.0,60.0,0.0,0,0,0,{}
2026-10-04T06:00:00+00:00,unknown,0.0,60.0,idle,0.0,60.0,0.0,0.0,0.0,60.0,0.0,0,0,0,{}
2026-10-04T07:00:00+00:00,unknown,0.0,60.0,idle,0.0,60.0,0.0,0.0,0.0,60.0,0.0,0,0,0,{}
2026-10-04T08:00:00+00:00,unknown,0.0,60.0,idle,0.0,60.0,0.0,0.0,0.0,60.0,0.0,0,0,0,{}
2026-10-04T09:00:00+00:00,unknown,0.0,60.0,idle,0.0,60.0,0.0,0.0,0.0,60.0,0.0,0,0,0,{}
2026-10-04T10:00:00+00:00,unknown,0.0,60.0,idle,0.0,60.0,0.0,0.0,0.0,60.0,0.0,0,0,0,{}
2026-10-04T11:00:00+00:00,unknown,0.0,60.0,idle,0.0,60.0,0.0,0.0,0.0,60.0,0.0,0,0,0,{}
2026-10-04T12:00:00+00:00,unknown,0.0,60.0,idle,0.0,60.0,0.0,0.0,0.0,60.0,0.0,0,0,0,{}
2026-10-04T13:00:00+00:00,unknown,0.0,60.0,idle,0.0,60.0,0.0,0.0,0.0,60.0,0.0,0,0,0,{}
2026-10-04T14:00:00+00:00,unknown,0.0,60.0,idle,0.0,60.0,0.0,0.0,56.416666666666664,60.0,0.0,0,2,2,{}
2026-10-04T15:00:00+00:00,unknown,0.0,60.0,idle,0.0,60.0,0.0,0.0,54.333333333333336,60.0,0.0,0,1,1,{}
2026-10-04T16:00:00+00:00,unknown,0.0,60.0,idle,0.0,60.0,0.0,0.0,58.083333333333336,60.0,0.0,0,1,1,{}
2026-10-04T17:00:00+00:00,unknown,0.0,60.0,idle,0.0,60.0,0.0,0.0,11.166666666666666,60.0,0.0,0,0,0,{}
2026-10-04T18:00:00+00:00,unknown,0.0,60.0,idle,0.0,60.0,0.0,0.0,0.0,60.0,0.0,0,0,0,{}
2026-10-04T19:00:00+00:00,unknown,0.0,60.0,idle,0.0,60.0,0.0,0.0,0.0,60.0,0.0,0,0,0,{}
2026-10-04T20:00:00+00:00,unknown,0.0,60.0,idle,0.0,60.0,0.0,0.0,0.0,60.0,0.0,0,0,0,{}
2026-10-04T21:00:00+00:00,unknown,0.0,60.0,idle,0.0,60.0,0.0,0.0,0.0,60.0,0.0,0,0,0,{}
2026-10-04T22:00:00+00:00,unknown,0.0,60.0,idle,0.0,60.0,0.0,0.0,0.0,60.0,0.0,0,0,0,{}
2026-10-04T23:00:00+00:00,unknown,0.0,60.0,idle,0.0,60.0,0.0,0.0,0.0,60.0,0.0,0,0,0,{}
2026-10-05T00:00:00+00:00,unknown,0.0,60.0,idle,0.0,60.0,0.0,0.0,0.0,60.0,0.0,0,0,0,{}
2026-10-05T01:00:00+00:00,unknown,0.0,60.0,idle,0.0,60.0,0.0,0.0,0.0,60.0,0.0,0,0,0,{}
2026-10-05T02:00:00+00:00,unknown,0.0,60.0,idle,4.833333,55.166667,0.0,0.0,4.833333333333333,60.0,0.0,2,0,0,{}
2026-10-05T03:00:00+00:00,unknown,0.0,60.0,engaged,60.0,0.0,0.0,0.0,60.0,60.0,0.0,7,0,0,{}
2026-10-05T04:00:00+00:00,unknown,0.0,60.0,engaged,60.0,0.0,0.0,0.0,60.0,60.0,0.0,3,0,0,{}
2026-10-05T05:00:00+00:00,unknown,0.0,60.0,idle,5.916667,54.083333,0.0,0.0,5.916666666666667,60.0,0.0,0,0,0,{}
2026-10-05T06:00:00+00:00,unknown,0.0,60.0,idle,0.0,60.0,0.0,0.0,0.0,60.0,0.0,0,0,0,{}
2026-10-05T07:00:00+00:00,unknown,0.0,60.0,idle,0.0,60.0,0.0,0.0,0.0,60.0,0.0,0,0,0,{}
2026-10-05T08:00:00+00:00,unknown,0.0,60.0,idle,0.0,60.0,0.0,0.0,0.0,60.0,0.0,0,0,0,{}
2026-10-05T09:00:00+00:00,unknown,0.0,60.0,idle,0.0,60.0,0.0,0.0,0.0,60.0,0.0,0,0,0,{}
2026-10-05T10:00:00+00:00,unknown,0.0,60.0,idle,0.0,60.0,0.0,0.0,0.0,60.0,0.0,0,0,0,{}
2026-10-05T11:00:00+00:00,unknown,0.0,60.0,idle,0.0,60.0,0.0,0.0,0.0,60.0,0.0,0,0,0,{}
2026-10-05T12:00:00+00:00,unknown,0.0,60.0,idle,0.0,60.0,0.0,0.0,0.0,60.0,0.0,0,0,0,{}
2026-10-05T13:00:00+00:00,unknown,0.0,60.0,idle,0.0,60.0,0.0,0.0,0.0,60.0,0.0,0,0,0,{}
2026-10-05T14:00:00+00:00,unknown,0.0,60.0,idle,0.0,60.0,0.0,0.0,52.916666666666664,60.0,0.0,0,2,2,{}
2026-10-05T15:00:00+00:00,unknown,0.0,60.0,idle,0.0,60.0,0.0,0.0,54.666666666666664,60.0,0.0,0,1,1,{}
2026-10-05T16:00:00+00:00,unknown,0.0,60.0,idle,0.0,60.0,0.0,0.0,58.166666666666664,60.0,0.0,0,1,1,{}
2026-10-05T17:00:00+00:00,unknown,0.0,60.0,idle,0.0,60.0,0.0,0.0,14.25,60.0,0.0,0,0,0,{}
2026-10-05T18:00:00+00:00,unknown,0.0,60.0,idle,0.0,60.0,0.0,0.0,0.0,60.0,0.0,0,0,0,{}
2026-10-05T19:00:00+00:00,unknown,0.0,60.0,idle,0.0,60.0,0.0,0.0,0.0,60.0,0.0,0,0,0,{}
2026-10-05T20:00:00+00:00,unknown,0.0,60.0,idle,0.0,60.0,0.0,0.0,0.0,60.0,0.0,0,0,0,{}
2026-10-05T21:00:00+00:00,unknown,0.0,60.0,idle,0.0,60.0,0.0,0.0,0.0,60.0,0.0,0,0,0,{}
2026-10-05T22:00:00+00:00,unknown,0.0,60.0,idle,0.0,60.0,0.0,0.0,0.0,60.0,0.0,0,0,0,{}
2026-10-05T23:00:00+00:00,unknown,0.0,60.0,idle,0.0,60.0,0.0,0.0,0.0,60.0,0.0,0,0,0,{}
2026-10-06T00:00:00+00:00,unknown,0.0,60.0,idle,0.0,60.0,0.0,0.0,0.0,60.0,0.0,0,0,0,{}
2026-10-06T01:00:00+00:00,unknown,0.0,60.0,idle,0.0,60.0,0.0,0.0,0.0,60.0,0.0,0,0,0,{}
2026-10-06T02:00:00+00:00,unknown,0.0,60.0,idle,14.583333,45.416667,0.0,0.0,14.583333333333334,60.0,0.0,1,0,0,{}
2026-10-06T03:00:00+00:00,unknown,0.0,60.0,engaged,60.0,0.0,0.0,0.0,60.0,60.0,0.0,1,0,0,{}
2026-10-06T04:00:00+00:00,unknown,0.0,60.0,idle,5.5,54.5,0.0,0.0,5.5,60.0,0.0,0,0,0,{}
2026-10-06T05:00:00+00:00,unknown,0.0,60.0,idle,0.0,60.0,0.0,0.0,0.0,60.0,0.0,0,0,0,{}
2026-10-06T06:00:00+00:00,unknown,0.0,60.0,idle,0.0,60.0,0.0,0.0,0.0,60.0,0.0,0,0,0,{}
2026-10-06T07:00:00+00:00,unknown,0.0,60.0,idle,0.0,60.0,0.0,0.0,0.0,60.0,0.0,0,0,0,{}
2026-10-06T08:00:00+00:00,unknown,0.0,60.0,engaged,52.75,7.25,0.0,0.0,52.75,60.0,0.0,2,0,0,{}
2026-10-06T09:00:00+00:00,unknown,0.0,60.0,idle,0.0,60.0,0.0,0.0,0.0,60.0,0.0,0,0,0,{}
2026-10-06T10:00:00+00:00,unknown,0.0,60.0,idle,0.0,60.0,0.0,0.0,0.0,60.0,0.0,0,0,0,{}
2026-10-06T11:00:00+00:00,unknown,0.0,60.0,idle,0.0,60.0,0.0,0.0,0.0,60.0,0.0,0,0,0,{}
2026-10-06T12:00:00+00:00,unknown,0.0,60.0,idle,0.0,60.0,0.0,0.0,0.0,60.0,0.0,0,0,0,{}
2026-10-06T13:00:00+00:00,unknown,0.0,60.0,idle,0.0,60.0,0.0,0.0,0.0,60.0,0.0,0,0,0,{}
2026-10-06T14:00:00+00:00,unknown,0.0,60.0,idle,0.0,60.0,0.0,0.0,49.166666666666664,60.0,0.0,0,2,2,{}
2026-10-06T15:00:00+00:00,unknown,0.0,60.0,idle,0.0,60.0,0.0,0.0,58.583333333333336,60.0,0.0,0,1,1,{}
2026-10-06T16:00:00+00:00,unknown,0.0,60.0,idle,0.0,60.0,0.0,0.0,58.916666666666664,60.0,0.0,0,1,1,{}
2026-10-06T17:00:00+00:00,unknown,0.0,60.0,idle,0.0,60.0,0.0,0.0,13.333333333333334,60.0,0.0,0,0,0,{}
2026-10-06T18:00:00+00:00,unknown,0.0,60.0,idle,0.0,60.0,0.0,0.0,0.0,60.0,0.0,0,0,0,{}
2026-10-06T19:00:00+00:00,unknown,0.0,60.0,idle,0.0,60.0,0.0,0.0,0.0,60.0,0.0,0,0,0,{}
2026-10-06T20:00:00+00:00,unknown,0.0,60.0,idle,0.0,60.0,0.0,0.0,0.0,60.0,0.0,0,0,0,{}
2026-10-06T21:00:00+00:00,unknown,0.0,60.0,idle,0.0,60.0,0.0,0.0,0.0,60.0,0.0,0,0,0,{}
2026-10-06T22:00:00+00:00,unknown,0.0,60.0,idle,0.0,60.0,0.0,0.0,0.0,60.0,0.0,0,0,0,{}
2026-10-06T23:00:00+00:00,unknown,0.0,60.0,engaged,52.333333,7.666667,0.0,0.0,52.333333333333336,60.0,0.0,3,0,0,{}
2026-10-07T00:00:00+00:00,unknown,0.0,60.0,idle,10.916667,49.083333,0.0,0.0,10.916666666666666,60.0,0.0,0,0,0,{}
2026-10-07T01:00:00+00:00,unknown,0.0,60.0,idle,0.0,60.0,0.0,0.0,0.0,60.0,0.0,0,0,0,{}
2026-10-07T02:00:00+00:00,unknown,0.0,60.0,idle,0.0,60.0,0.0,0.0,0.0,60.0,0.0,0,0,0,{}
2026-10-07T03:00:00+00:00,unknown,0.0,60.0,idle,14.083333,45.916667,0.0,0.0,14.083333333333334,60.0,0.0,1,0,0,{}
2026-10-07T04:00:00+00:00,unknown,0.0,60.0,engaged,30.916667,29.083333,0.0,0.0,30.916666666666668,60.0,0.0,0,0,0,{}
2026-10-07T05:00:00+00:00,unknown,0.0,60.0,idle,0.0,60.0,0.0,0.0,0.0,60.0,0.0,0,0,0,{}
2026-10-07T06:00:00+00:00,unknown,0.0,60.0,idle,0.0,60.0,0.0,0.0,0.0,60.0,0.0,0,0,0,{}
2026-10-07T07:00:00+00:00,unknown,0.0,60.0,idle,0.0,60.0,0.0,0.0,0.0,60.0,0.0,0,0,0,{}
2026-10-07T08:00:00+00:00,unknown,0.0,60.0,idle,0.0,60.0,0.0,0.0,0.0,60.0,0.0,0,0,0,{}
2026-10-07T09:00:00+00:00,unknown,0.0,60.0,idle,0.0,60.0,0.0,0.0,0.0,60.0,0.0,0,0,0,{}
2026-10-07T10:00:00+00:00,unknown,0.0,60.0,idle,0.0,60.0,0.0,0.0,0.0,60.0,0.0,0,0,0,{}
2026-10-07T11:00:00+00:00,unknown,0.0,60.0,idle,0.0,60.0,0.0,0.0,0.0,60.0,0.0,0,0,0,{}
2026-10-07T12:00:00+00:00,unknown,0.0,60.0,idle,0.0,60.0,0.0,0.0,0.0,60.0,0.0,0,0,0,{}
2026-10-07T13:00:00+00:00,unknown,0.0,60.0,idle,0.0,60.0,0.0,0.0,0.0,60.0,0.0,0,0,0,{}
2026-10-07T14:00:00+00:00,unknown,0.0,60.0,idle,0.0,60.0,0.0,0.0,50.5,60.0,0.0,0,2,2,{}
2026-10-07T15:00:00+00:00,unknown,0.0,60.0,idle,0.0,60.0,0.0,0.0,55.5,60.0,0.0,0,1,1,{}
2026-10-07T16:00:00+00:00,unknown,0.0,60.0,idle,0.0,60.0,0.0,0.0,55.416666666666664,60.0,0.0,0,1,1,{}
2026-10-07T17:00:00+00:00,unknown,0.0,60.0,idle,0.0,60.0,0.0,0.0,18.583333333333332,60.0,0.0,0,0,0,{}
2026-10-07T18:00:00+00:00,unknown,0.0,60.0,idle,0.0,60.0,0.0,0.0,0.0,60.0,0.0,0,0,0,{}
2026-10-07T19:00:00+00:00,unknown,0.0,60.0,idle,0.0,60.0,0.0,0.0,0.0,60.0,0.0,0,0,0,{}
2026-10-07T20:00:00+00:00,unknown,0.0,60.0,idle,0.0,60.0,0.0,0.0,0.0,60.0,0.0,0,0,0,{}
2026-10-07T21:00:00+00:00,unknown,0.0,60.0,idle,0.0,60.0,0.0,0.0,0.0,60.0,0.0,0,0,0,{}
2026-10-07T22:00:00+00:00,unknown,0.0,60.0,idle,0.0,60.0,0.0,0.0,0.0,60.0,0.0,0,0,0,{}
2026-10-07T23:00:00+00:00,unknown,0.0,60.0,idle,0.0,60.0,0.0,0.0,0.0,60.0,0.0,0,0,0,{}
2026-10-08T00:00:00+00:00,unknown,0.0,60.0,idle,0.0,60.0,0.0,0.0,0.0,60.0,0.0,0,0,0,{}
2026-10-08T01:00:00+00:00,unknown,0.0,60.0,idle,0.0,60.0,0.0,0.0,0.0,60.0,0.0,0,0,0,{}
2026-10-08T02:00:00+00:00,unknown,0.0,60.0,idle,19.583333,40.416667,0.0,0.0,19.583333333333332,60.0,0.0,3,0,0,{}
2026-10-08T03:00:00+00:00,unknown,0.0,60.0,idle,28.416667,31.583333,0.0,0.0,28.416666666666668,60.0,0.0,0,0,0,{}
2026-10-08T04:00:00+00:00,unknown,0.0,60.0,idle,0.0,60.0,0.0,0.0,0.0,60.0,0.0,0,0,0,{}
2026-10-08T05:00:00+00:00,unknown,0.0,60.0,idle,0.0,60.0,0.0,0.0,0.0,60.0,0.0,0,0,0,{}
2026-10-08T06:00:00+00:00,strained,42.583333333333336,17.416666666666668,strained,0.0,17.416667,42.583333,0.0,0.0,60.0,0.0,0,0,0,{}
2026-10-08T07:00:00+00:00,unknown,2.25,57.75,idle,0.0,47.75,12.25,0.0,0.0,60.0,0.0,0,0,0,{}
2026-10-08T08:00:00+00:00,unknown,0.0,60.0,idle,0.0,60.0,0.0,0.0,0.0,60.0,0.0,0,0,0,{}
2026-10-08T09:00:00+00:00,unknown,0.0,60.0,idle,0.0,60.0,0.0,0.0,0.0,60.0,0.0,0,0,0,{}
2026-10-08T10:00:00+00:00,unknown,0.0,60.0,idle,0.0,60.0,0.0,0.0,0.0,60.0,0.0,0,0,0,{}
2026-10-08T11:00:00+00:00,unknown,0.0,60.0,idle,0.0,60.0,0.0,0.0,0.0,60.0,0.0,0,0,0,{}
2026-10-08T12:00:00+00:00,unknown,0.0,60.0,idle,0.0,60.0,0.0,0.0,0.0,60.0,0.0,0,0,0,{}
2026-10-08T13:00:00+00:00,unknown,0.0,60.0,idle,0.0,60.0,0.0,0.0,0.0,60.0,0.0,0,0,0,{}
2026-10-08T14:00:00+00:00,unknown,21.083333333333332,38.916666666666664,idle,0.0,38.916667,21.083333,0.0,0.0,60.0,0.0,0,0,0,{}
2026-10-08T15:00:00+00:00,strained,60.0,0.0,strained,0.0,0.0,60.0,0.0,0.0,60.0,0.0,0,0,0,{}
2026-10-08T16:00:00+00:00,strained,60.0,0.0,strained,0.0,0.0,60.0,0.0,0.0,60.0,0.0,0,0,0,{}
2026-10-08T17:00:00+00:00,strained,60.0,0.0,strained,0.0,0.0,60.0,0.0,0.0,60.0,0.0,0,0,0,{}
2026-10-08T18:00:00+00:00,strained,60.0,0.0,strained,0.0,0.0,60.0,0.0,0.0,60.0,0.0,0,0,0,{}
2026-10-08T19:00:00+00:00,unknown,6.916666666666667,53.083333333333336,idle,0.0,43.083333,16.916667,0.0,0.0,60.0,0.0,0,0,0,{}
2026-10-08T20:00:00+00:00,unknown,0.0,60.0,idle,0.0,60.0,0.0,0.0,0.0,60.0,0.0,0,0,0,{}
2026-10-08T21:00:00+00:00,unknown,0.0,60.0,idle,0.0,60.0,0.0,0.0,0.0,60.0,0.0,0,0,0,{}
2026-10-08T22:00:00+00:00,unknown,0.0,60.0,idle,0.0,60.0,0.0,0.0,0.0,60.0,0.0,0,0,0,{}
2026-10-08T23:00:00+00:00,unknown,0.0,60.0,idle,0.0,60.0,0.0,0.0,0.0,60.0,0.0,0,0,0,{}
2026-10-09T00:00:00+00:00,unknown,0.0,60.0,idle,0.0,60.0,0.0,0.0,0.0,60.0,0.0,0,0,0,{}
2026-10-09T01:00:00+00:00,unknown,0.0,60.0,idle,0.0,60.0,0.0,0.0,0.0,60.0,0.0,1,0,0,{}
2026-10-09T02:00:00+00:00,unknown,0.0,60.0,engaged,45.0,15.0,0.0,0.0,59.916666666666664,60.0,0.0,0,2,2,{}
2026-10-09T03:00:00+00:00,unknown,0.0,60.0,idle,0.0,60.0,0.0,0.0,37.416666666666664,60.0,0.0,0,1,1,{}
2026-10-09T04:00:00+00:00,unknown,0.0,60.0,strained,0.0,2.25,57.75,0.0,2.25,60.0,0.0,0,0,0,"{""node:substrate.biometrics"": 611.056803, ""node:substrate.bus_synaptic"": 301.082239, ""node:substrate.execution"": 47.830643}"
